"Date","Syndrome","Count","Day_in_Year","Year"
2016-01-01,"Respiratory",1357,1,2016
2016-01-02,"Respiratory",1605,2,2016
2016-01-03,"Respiratory",1430,3,2016
2016-01-04,"Respiratory",1538,4,2016
2016-01-05,"Respiratory",1352,5,2016
2016-01-06,"Respiratory",1385,6,2016
2016-01-07,"Respiratory",1319,7,2016
2016-01-08,"Respiratory",1312,8,2016
2016-01-09,"Respiratory",1219,9,2016
2016-01-10,"Respiratory",1212,10,2016
2016-01-11,"Respiratory",1478,11,2016
2016-01-12,"Respiratory",1381,12,2016
2016-01-13,"Respiratory",1231,13,2016
2016-01-14,"Respiratory",1290,14,2016
2016-01-15,"Respiratory",1205,15,2016
2016-01-16,"Respiratory",1185,16,2016
2016-01-17,"Respiratory",1167,17,2016
2016-01-18,"Respiratory",1319,18,2016
2016-01-19,"Respiratory",1387,19,2016
2016-01-20,"Respiratory",1343,20,2016
2016-01-21,"Respiratory",1327,21,2016
2016-01-22,"Respiratory",1155,22,2016
2016-01-23,"Respiratory",470,23,2016
2016-01-24,"Respiratory",957,24,2016
2016-01-25,"Respiratory",1508,25,2016
2016-01-26,"Respiratory",1461,26,2016
2016-01-27,"Respiratory",1423,27,2016
2016-01-28,"Respiratory",1348,28,2016
2016-01-29,"Respiratory",1282,29,2016
2016-01-30,"Respiratory",1114,30,2016
2016-01-31,"Respiratory",1166,31,2016
2016-02-01,"Respiratory",1427,32,2016
2016-02-02,"Respiratory",1461,33,2016
2016-02-03,"Respiratory",1349,34,2016
2016-02-04,"Respiratory",1409,35,2016
2016-02-05,"Respiratory",1171,36,2016
2016-02-06,"Respiratory",1278,37,2016
2016-02-07,"Respiratory",1316,38,2016
2016-02-08,"Respiratory",1481,39,2016
2016-02-09,"Respiratory",1637,40,2016
2016-02-10,"Respiratory",1557,41,2016
2016-02-11,"Respiratory",1327,42,2016
2016-02-12,"Respiratory",1194,43,2016
2016-02-13,"Respiratory",1115,44,2016
2016-02-14,"Respiratory",1090,45,2016
2016-02-15,"Respiratory",1514,46,2016
2016-02-16,"Respiratory",1629,47,2016
2016-02-17,"Respiratory",1604,48,2016
2016-02-18,"Respiratory",1515,49,2016
2016-02-19,"Respiratory",1394,50,2016
2016-02-20,"Respiratory",1346,51,2016
2016-02-21,"Respiratory",1501,52,2016
2016-02-22,"Respiratory",1732,53,2016
2016-02-23,"Respiratory",1540,54,2016
2016-02-24,"Respiratory",1493,55,2016
2016-02-25,"Respiratory",1601,56,2016
2016-02-26,"Respiratory",1409,57,2016
2016-02-27,"Respiratory",1328,58,2016
2016-02-28,"Respiratory",1408,59,2016
2016-02-29,"Respiratory",1782,60,2016
2016-03-01,"Respiratory",1539,61,2016
2016-03-02,"Respiratory",1521,62,2016
2016-03-03,"Respiratory",1471,63,2016
2016-03-04,"Respiratory",1487,64,2016
2016-03-05,"Respiratory",1359,65,2016
2016-03-06,"Respiratory",1486,66,2016
2016-03-07,"Respiratory",1887,67,2016
2016-03-08,"Respiratory",1815,68,2016
2016-03-09,"Respiratory",1693,69,2016
2016-03-10,"Respiratory",1655,70,2016
2016-03-11,"Respiratory",1489,71,2016
2016-03-12,"Respiratory",1342,72,2016
2016-03-13,"Respiratory",1461,73,2016
2016-03-14,"Respiratory",1707,74,2016
2016-03-15,"Respiratory",1653,75,2016
2016-03-16,"Respiratory",1499,76,2016
2016-03-17,"Respiratory",1397,77,2016
2016-03-18,"Respiratory",1416,78,2016
2016-03-19,"Respiratory",1235,79,2016
2016-03-20,"Respiratory",1203,80,2016
2016-03-21,"Respiratory",1533,81,2016
2016-03-22,"Respiratory",1444,82,2016
2016-03-23,"Respiratory",1393,83,2016
2016-03-24,"Respiratory",1282,84,2016
2016-03-25,"Respiratory",1239,85,2016
2016-03-26,"Respiratory",1178,86,2016
2016-03-27,"Respiratory",1160,87,2016
2016-03-28,"Respiratory",1557,88,2016
2016-03-29,"Respiratory",1163,89,2016
2016-03-30,"Respiratory",1369,90,2016
2016-03-31,"Respiratory",1207,91,2016
2016-04-01,"Respiratory",1250,92,2016
2016-04-02,"Respiratory",1060,93,2016
2016-04-03,"Respiratory",1102,94,2016
2016-04-04,"Respiratory",1281,95,2016
2016-04-05,"Respiratory",1110,96,2016
2016-04-06,"Respiratory",1149,97,2016
2016-04-07,"Respiratory",1098,98,2016
2016-04-08,"Respiratory",1078,99,2016
2016-04-09,"Respiratory",1045,100,2016
2016-04-10,"Respiratory",1089,101,2016
2016-04-11,"Respiratory",1353,102,2016
2016-04-12,"Respiratory",1214,103,2016
2016-04-13,"Respiratory",1138,104,2016
2016-04-14,"Respiratory",1121,105,2016
2016-04-15,"Respiratory",1053,106,2016
2016-04-16,"Respiratory",960,107,2016
2016-04-17,"Respiratory",939,108,2016
2016-04-18,"Respiratory",1281,109,2016
2016-04-19,"Respiratory",1185,110,2016
2016-04-20,"Respiratory",1132,111,2016
2016-04-21,"Respiratory",1126,112,2016
2016-04-22,"Respiratory",1171,113,2016
2016-04-23,"Respiratory",998,114,2016
2016-04-24,"Respiratory",1097,115,2016
2016-04-25,"Respiratory",1281,116,2016
2016-04-26,"Respiratory",1190,117,2016
2016-04-27,"Respiratory",1093,118,2016
2016-04-28,"Respiratory",1025,119,2016
2016-04-29,"Respiratory",1005,120,2016
2016-04-30,"Respiratory",942,121,2016
2016-05-01,"Respiratory",949,122,2016
2016-05-02,"Respiratory",1257,123,2016
2016-05-03,"Respiratory",1047,124,2016
2016-05-04,"Respiratory",1066,125,2016
2016-05-05,"Respiratory",1021,126,2016
2016-05-06,"Respiratory",1009,127,2016
2016-05-07,"Respiratory",867,128,2016
2016-05-08,"Respiratory",930,129,2016
2016-05-09,"Respiratory",1199,130,2016
2016-05-10,"Respiratory",1094,131,2016
2016-05-11,"Respiratory",1122,132,2016
2016-05-12,"Respiratory",1044,133,2016
2016-05-13,"Respiratory",1070,134,2016
2016-05-14,"Respiratory",919,135,2016
2016-05-15,"Respiratory",969,136,2016
2016-05-16,"Respiratory",1224,137,2016
2016-05-17,"Respiratory",1147,138,2016
2016-05-18,"Respiratory",1070,139,2016
2016-05-19,"Respiratory",1093,140,2016
2016-05-20,"Respiratory",1016,141,2016
2016-05-21,"Respiratory",954,142,2016
2016-05-22,"Respiratory",1021,143,2016
2016-05-23,"Respiratory",1281,144,2016
2016-05-24,"Respiratory",1243,145,2016
2016-05-25,"Respiratory",1075,146,2016
2016-05-26,"Respiratory",1037,147,2016
2016-05-27,"Respiratory",1056,148,2016
2016-05-28,"Respiratory",879,149,2016
2016-05-29,"Respiratory",897,150,2016
2016-05-30,"Respiratory",1103,151,2016
2016-05-31,"Respiratory",1207,152,2016
2016-06-01,"Respiratory",1044,153,2016
2016-06-02,"Respiratory",1076,154,2016
2016-06-03,"Respiratory",1005,155,2016
2016-06-04,"Respiratory",876,156,2016
2016-06-05,"Respiratory",960,157,2016
2016-06-06,"Respiratory",1157,158,2016
2016-06-07,"Respiratory",1113,159,2016
2016-06-08,"Respiratory",963,160,2016
2016-06-09,"Respiratory",1036,161,2016
2016-06-10,"Respiratory",1027,162,2016
2016-06-11,"Respiratory",884,163,2016
2016-06-12,"Respiratory",907,164,2016
2016-06-13,"Respiratory",1184,165,2016
2016-06-14,"Respiratory",1085,166,2016
2016-06-15,"Respiratory",1049,167,2016
2016-06-16,"Respiratory",993,168,2016
2016-06-17,"Respiratory",947,169,2016
2016-06-18,"Respiratory",817,170,2016
2016-06-19,"Respiratory",897,171,2016
2016-06-20,"Respiratory",1123,172,2016
2016-06-21,"Respiratory",987,173,2016
2016-06-22,"Respiratory",979,174,2016
2016-06-23,"Respiratory",982,175,2016
2016-06-24,"Respiratory",872,176,2016
2016-06-25,"Respiratory",761,177,2016
2016-06-26,"Respiratory",871,178,2016
2016-06-27,"Respiratory",1042,179,2016
2016-06-28,"Respiratory",1019,180,2016
2016-06-29,"Respiratory",937,181,2016
2016-06-30,"Respiratory",836,182,2016
2016-07-01,"Respiratory",894,183,2016
2016-07-02,"Respiratory",794,184,2016
2016-07-03,"Respiratory",813,185,2016
2016-07-04,"Respiratory",826,186,2016
2016-07-05,"Respiratory",1061,187,2016
2016-07-06,"Respiratory",890,188,2016
2016-07-07,"Respiratory",893,189,2016
2016-07-08,"Respiratory",879,190,2016
2016-07-09,"Respiratory",812,191,2016
2016-07-10,"Respiratory",865,192,2016
2016-07-11,"Respiratory",1035,193,2016
2016-07-12,"Respiratory",925,194,2016
2016-07-13,"Respiratory",885,195,2016
2016-07-14,"Respiratory",826,196,2016
2016-07-15,"Respiratory",827,197,2016
2016-07-16,"Respiratory",726,198,2016
2016-07-17,"Respiratory",834,199,2016
2016-07-18,"Respiratory",973,200,2016
2016-07-19,"Respiratory",838,201,2016
2016-07-20,"Respiratory",844,202,2016
2016-07-21,"Respiratory",836,203,2016
2016-07-22,"Respiratory",798,204,2016
2016-07-23,"Respiratory",776,205,2016
2016-07-24,"Respiratory",757,206,2016
2016-07-25,"Respiratory",956,207,2016
2016-07-26,"Respiratory",889,208,2016
2016-07-27,"Respiratory",857,209,2016
2016-07-28,"Respiratory",804,210,2016
2016-07-29,"Respiratory",808,211,2016
2016-07-30,"Respiratory",787,212,2016
2016-07-31,"Respiratory",785,213,2016
2016-08-01,"Respiratory",989,214,2016
2016-08-02,"Respiratory",956,215,2016
2016-08-03,"Respiratory",882,216,2016
2016-08-04,"Respiratory",802,217,2016
2016-08-05,"Respiratory",867,218,2016
2016-08-06,"Respiratory",819,219,2016
2016-08-07,"Respiratory",759,220,2016
2016-08-08,"Respiratory",979,221,2016
2016-08-09,"Respiratory",952,222,2016
2016-08-10,"Respiratory",914,223,2016
2016-08-11,"Respiratory",868,224,2016
2016-08-12,"Respiratory",793,225,2016
2016-08-13,"Respiratory",805,226,2016
2016-08-14,"Respiratory",774,227,2016
2016-08-15,"Respiratory",986,228,2016
2016-08-16,"Respiratory",936,229,2016
2016-08-17,"Respiratory",896,230,2016
2016-08-18,"Respiratory",841,231,2016
2016-08-19,"Respiratory",876,232,2016
2016-08-20,"Respiratory",748,233,2016
2016-08-21,"Respiratory",802,234,2016
2016-08-22,"Respiratory",970,235,2016
2016-08-23,"Respiratory",920,236,2016
2016-08-24,"Respiratory",938,237,2016
2016-08-25,"Respiratory",807,238,2016
2016-08-26,"Respiratory",814,239,2016
2016-08-27,"Respiratory",761,240,2016
2016-08-28,"Respiratory",782,241,2016
2016-08-29,"Respiratory",996,242,2016
2016-08-30,"Respiratory",896,243,2016
2016-08-31,"Respiratory",890,244,2016
2016-09-01,"Respiratory",837,245,2016
2016-09-02,"Respiratory",814,246,2016
2016-09-03,"Respiratory",754,247,2016
2016-09-04,"Respiratory",741,248,2016
2016-09-05,"Respiratory",859,249,2016
2016-09-06,"Respiratory",942,250,2016
2016-09-07,"Respiratory",879,251,2016
2016-09-08,"Respiratory",912,252,2016
2016-09-09,"Respiratory",923,253,2016
2016-09-10,"Respiratory",783,254,2016
2016-09-11,"Respiratory",779,255,2016
2016-09-12,"Respiratory",1038,256,2016
2016-09-13,"Respiratory",1008,257,2016
2016-09-14,"Respiratory",948,258,2016
2016-09-15,"Respiratory",932,259,2016
2016-09-16,"Respiratory",951,260,2016
2016-09-17,"Respiratory",843,261,2016
2016-09-18,"Respiratory",923,262,2016
2016-09-19,"Respiratory",1131,263,2016
2016-09-20,"Respiratory",1270,264,2016
2016-09-21,"Respiratory",1103,265,2016
2016-09-22,"Respiratory",1117,266,2016
2016-09-23,"Respiratory",1070,267,2016
2016-09-24,"Respiratory",1015,268,2016
2016-09-25,"Respiratory",1040,269,2016
2016-09-26,"Respiratory",1439,270,2016
2016-09-27,"Respiratory",1381,271,2016
2016-09-28,"Respiratory",1211,272,2016
2016-09-29,"Respiratory",1100,273,2016
2016-09-30,"Respiratory",1050,274,2016
2016-10-01,"Respiratory",969,275,2016
2016-10-02,"Respiratory",1024,276,2016
2016-10-03,"Respiratory",1342,277,2016
2016-10-04,"Respiratory",1225,278,2016
2016-10-05,"Respiratory",1349,279,2016
2016-10-06,"Respiratory",1201,280,2016
2016-10-07,"Respiratory",1142,281,2016
2016-10-08,"Respiratory",1106,282,2016
2016-10-09,"Respiratory",1010,283,2016
2016-10-10,"Respiratory",1305,284,2016
2016-10-11,"Respiratory",1345,285,2016
2016-10-12,"Respiratory",1281,286,2016
2016-10-13,"Respiratory",1293,287,2016
2016-10-14,"Respiratory",1048,288,2016
2016-10-15,"Respiratory",1027,289,2016
2016-10-16,"Respiratory",1147,290,2016
2016-10-17,"Respiratory",1553,291,2016
2016-10-18,"Respiratory",1408,292,2016
2016-10-19,"Respiratory",1286,293,2016
2016-10-20,"Respiratory",1221,294,2016
2016-10-21,"Respiratory",1264,295,2016
2016-10-22,"Respiratory",1008,296,2016
2016-10-23,"Respiratory",1121,297,2016
2016-10-24,"Respiratory",1463,298,2016
2016-10-25,"Respiratory",1257,299,2016
2016-10-26,"Respiratory",1252,300,2016
2016-10-27,"Respiratory",1075,301,2016
2016-10-28,"Respiratory",1102,302,2016
2016-10-29,"Respiratory",982,303,2016
2016-10-30,"Respiratory",1137,304,2016
2016-10-31,"Respiratory",1273,305,2016
2016-11-01,"Respiratory",1315,306,2016
2016-11-02,"Respiratory",1289,307,2016
2016-11-03,"Respiratory",1263,308,2016
2016-11-04,"Respiratory",1197,309,2016
2016-11-05,"Respiratory",1147,310,2016
2016-11-06,"Respiratory",1139,311,2016
2016-11-07,"Respiratory",1432,312,2016
2016-11-08,"Respiratory",1231,313,2016
2016-11-09,"Respiratory",1326,314,2016
2016-11-10,"Respiratory",1316,315,2016
2016-11-11,"Respiratory",1259,316,2016
2016-11-12,"Respiratory",1180,317,2016
2016-11-13,"Respiratory",1216,318,2016
2016-11-14,"Respiratory",1577,319,2016
2016-11-15,"Respiratory",1269,320,2016
2016-11-16,"Respiratory",1415,321,2016
2016-11-17,"Respiratory",1314,322,2016
2016-11-18,"Respiratory",1275,323,2016
2016-11-19,"Respiratory",1253,324,2016
2016-11-20,"Respiratory",1174,325,2016
2016-11-21,"Respiratory",1445,326,2016
2016-11-22,"Respiratory",1275,327,2016
2016-11-23,"Respiratory",1153,328,2016
2016-11-24,"Respiratory",922,329,2016
2016-11-25,"Respiratory",1445,330,2016
2016-11-26,"Respiratory",1400,331,2016
2016-11-27,"Respiratory",1393,332,2016
2016-11-28,"Respiratory",1719,333,2016
2016-11-29,"Respiratory",1495,334,2016
2016-11-30,"Respiratory",1451,335,2016
2016-12-01,"Respiratory",1498,336,2016
2016-12-02,"Respiratory",1441,337,2016
2016-12-03,"Respiratory",1260,338,2016
2016-12-04,"Respiratory",1393,339,2016
2016-12-05,"Respiratory",1672,340,2016
2016-12-06,"Respiratory",1573,341,2016
2016-12-07,"Respiratory",1466,342,2016
2016-12-08,"Respiratory",1400,343,2016
2016-12-09,"Respiratory",1314,344,2016
2016-12-10,"Respiratory",1201,345,2016
2016-12-11,"Respiratory",1346,346,2016
2016-12-12,"Respiratory",1759,347,2016
2016-12-13,"Respiratory",1666,348,2016
2016-12-14,"Respiratory",1642,349,2016
2016-12-15,"Respiratory",1461,350,2016
2016-12-16,"Respiratory",1404,351,2016
2016-12-17,"Respiratory",1285,352,2016
2016-12-18,"Respiratory",1617,353,2016
2016-12-19,"Respiratory",1804,354,2016
2016-12-20,"Respiratory",1742,355,2016
2016-12-21,"Respiratory",1748,356,2016
2016-12-22,"Respiratory",1682,357,2016
2016-12-23,"Respiratory",1655,358,2016
2016-12-24,"Respiratory",1419,359,2016
2016-12-25,"Respiratory",1684,360,2016
2016-12-26,"Respiratory",2568,361,2016
2016-12-27,"Respiratory",2455,362,2016
2016-12-28,"Respiratory",2286,363,2016
2016-12-29,"Respiratory",2078,364,2016
2016-12-30,"Respiratory",2037,365,2016
2016-12-31,"Respiratory",1591,366,2016
2017-01-01,"Respiratory",1871,1,2017
2017-01-02,"Respiratory",2289,2,2017
2017-01-03,"Respiratory",2157,3,2017
2017-01-04,"Respiratory",2090,4,2017
2017-01-05,"Respiratory",1789,5,2017
2017-01-06,"Respiratory",1587,6,2017
2017-01-07,"Respiratory",1278,7,2017
2017-01-08,"Respiratory",1495,8,2017
2017-01-09,"Respiratory",1928,9,2017
2017-01-10,"Respiratory",1786,10,2017
2017-01-11,"Respiratory",1790,11,2017
2017-01-12,"Respiratory",1774,12,2017
2017-01-13,"Respiratory",1641,13,2017
2017-01-14,"Respiratory",1444,14,2017
2017-01-15,"Respiratory",1644,15,2017
2017-01-16,"Respiratory",1945,16,2017
2017-01-17,"Respiratory",1984,17,2017
2017-01-18,"Respiratory",1854,18,2017
2017-01-19,"Respiratory",1831,19,2017
2017-01-20,"Respiratory",1712,20,2017
2017-01-21,"Respiratory",1632,21,2017
2017-01-22,"Respiratory",1613,22,2017
2017-01-23,"Respiratory",1890,23,2017
2017-01-24,"Respiratory",1650,24,2017
2017-01-25,"Respiratory",1791,25,2017
2017-01-26,"Respiratory",1685,26,2017
2017-01-27,"Respiratory",1598,27,2017
2017-01-28,"Respiratory",1426,28,2017
2017-01-29,"Respiratory",1542,29,2017
2017-01-30,"Respiratory",1813,30,2017
2017-01-31,"Respiratory",1568,31,2017
2017-02-01,"Respiratory",1585,32,2017
2017-02-02,"Respiratory",1506,33,2017
2017-02-03,"Respiratory",1450,34,2017
2017-02-04,"Respiratory",1409,35,2017
2017-02-05,"Respiratory",1419,36,2017
2017-02-06,"Respiratory",1684,37,2017
2017-02-07,"Respiratory",1754,38,2017
2017-02-08,"Respiratory",1777,39,2017
2017-02-09,"Respiratory",1025,40,2017
2017-02-10,"Respiratory",1473,41,2017
2017-02-11,"Respiratory",1475,42,2017
2017-02-12,"Respiratory",1319,43,2017
2017-02-13,"Respiratory",1574,44,2017
2017-02-14,"Respiratory",1420,45,2017
2017-02-15,"Respiratory",1578,46,2017
2017-02-16,"Respiratory",1358,47,2017
2017-02-17,"Respiratory",1365,48,2017
2017-02-18,"Respiratory",1238,49,2017
2017-02-19,"Respiratory",1341,50,2017
2017-02-20,"Respiratory",1493,51,2017
2017-02-21,"Respiratory",1472,52,2017
2017-02-22,"Respiratory",1476,53,2017
2017-02-23,"Respiratory",1327,54,2017
2017-02-24,"Respiratory",1227,55,2017
2017-02-25,"Respiratory",1122,56,2017
2017-02-26,"Respiratory",1104,57,2017
2017-02-27,"Respiratory",1331,58,2017
2017-02-28,"Respiratory",1296,59,2017
2017-03-01,"Respiratory",1207,60,2017
2017-03-02,"Respiratory",1165,61,2017
2017-03-03,"Respiratory",1039,62,2017
2017-03-04,"Respiratory",999,63,2017
2017-03-05,"Respiratory",988,64,2017
2017-03-06,"Respiratory",1316,65,2017
2017-03-07,"Respiratory",1259,66,2017
2017-03-08,"Respiratory",1193,67,2017
2017-03-09,"Respiratory",1244,68,2017
2017-03-10,"Respiratory",1079,69,2017
2017-03-11,"Respiratory",999,70,2017
2017-03-12,"Respiratory",1050,71,2017
2017-03-13,"Respiratory",1407,72,2017
2017-03-14,"Respiratory",729,73,2017
2017-03-15,"Respiratory",1312,74,2017
2017-03-16,"Respiratory",1251,75,2017
2017-03-17,"Respiratory",1244,76,2017
2017-03-18,"Respiratory",1100,77,2017
2017-03-19,"Respiratory",1102,78,2017
2017-03-20,"Respiratory",1535,79,2017
2017-03-21,"Respiratory",1358,80,2017
2017-03-22,"Respiratory",1200,81,2017
2017-03-23,"Respiratory",1207,82,2017
2017-03-24,"Respiratory",1196,83,2017
2017-03-25,"Respiratory",1127,84,2017
2017-03-26,"Respiratory",1154,85,2017
2017-03-27,"Respiratory",1631,86,2017
2017-03-28,"Respiratory",1404,87,2017
2017-03-29,"Respiratory",1394,88,2017
2017-03-30,"Respiratory",1323,89,2017
2017-03-31,"Respiratory",1121,90,2017
2017-04-01,"Respiratory",1117,91,2017
2017-04-02,"Respiratory",1242,92,2017
2017-04-03,"Respiratory",1573,93,2017
2017-04-04,"Respiratory",1515,94,2017
2017-04-05,"Respiratory",1369,95,2017
2017-04-06,"Respiratory",1277,96,2017
2017-04-07,"Respiratory",1374,97,2017
2017-04-08,"Respiratory",1202,98,2017
2017-04-09,"Respiratory",1175,99,2017
2017-04-10,"Respiratory",1453,100,2017
2017-04-11,"Respiratory",1322,101,2017
2017-04-12,"Respiratory",1285,102,2017
2017-04-13,"Respiratory",1268,103,2017
2017-04-14,"Respiratory",1159,104,2017
2017-04-15,"Respiratory",1178,105,2017
2017-04-16,"Respiratory",1159,106,2017
2017-04-17,"Respiratory",1450,107,2017
2017-04-18,"Respiratory",1193,108,2017
2017-04-19,"Respiratory",1270,109,2017
2017-04-20,"Respiratory",1265,110,2017
2017-04-21,"Respiratory",1140,111,2017
2017-04-22,"Respiratory",1051,112,2017
2017-04-23,"Respiratory",1078,113,2017
2017-04-24,"Respiratory",1320,114,2017
2017-04-25,"Respiratory",1224,115,2017
2017-04-26,"Respiratory",1204,116,2017
2017-04-27,"Respiratory",1190,117,2017
2017-04-28,"Respiratory",1081,118,2017
2017-04-29,"Respiratory",1072,119,2017
2017-04-30,"Respiratory",1099,120,2017
2017-05-01,"Respiratory",1419,121,2017
2017-05-02,"Respiratory",1201,122,2017
2017-05-03,"Respiratory",1207,123,2017
2017-05-04,"Respiratory",1234,124,2017
2017-05-05,"Respiratory",1199,125,2017
2017-05-06,"Respiratory",1120,126,2017
2017-05-07,"Respiratory",1165,127,2017
2017-05-08,"Respiratory",1525,128,2017
2017-05-09,"Respiratory",1426,129,2017
2017-05-10,"Respiratory",1351,130,2017
2017-05-11,"Respiratory",1267,131,2017
2017-05-12,"Respiratory",1189,132,2017
2017-05-13,"Respiratory",1016,133,2017
2017-05-14,"Respiratory",1060,134,2017
2017-05-15,"Respiratory",1580,135,2017
2017-05-16,"Respiratory",1385,136,2017
2017-05-17,"Respiratory",1309,137,2017
2017-05-18,"Respiratory",1285,138,2017
2017-05-19,"Respiratory",1211,139,2017
2017-05-20,"Respiratory",1020,140,2017
2017-05-21,"Respiratory",1131,141,2017
2017-05-22,"Respiratory",1455,142,2017
2017-05-23,"Respiratory",1264,143,2017
2017-05-24,"Respiratory",1206,144,2017
2017-05-25,"Respiratory",1166,145,2017
2017-05-26,"Respiratory",1193,146,2017
2017-05-27,"Respiratory",1086,147,2017
2017-05-28,"Respiratory",1075,148,2017
2017-05-29,"Respiratory",1235,149,2017
2017-05-30,"Respiratory",1328,150,2017
2017-05-31,"Respiratory",1268,151,2017
2017-06-01,"Respiratory",1125,152,2017
2017-06-02,"Respiratory",1147,153,2017
2017-06-03,"Respiratory",1080,154,2017
2017-06-04,"Respiratory",1062,155,2017
2017-06-05,"Respiratory",1463,156,2017
2017-06-06,"Respiratory",1267,157,2017
2017-06-07,"Respiratory",1107,158,2017
2017-06-08,"Respiratory",981,159,2017
2017-06-09,"Respiratory",1096,160,2017
2017-06-10,"Respiratory",918,161,2017
2017-06-11,"Respiratory",1066,162,2017
2017-06-12,"Respiratory",1219,163,2017
2017-06-13,"Respiratory",1164,164,2017
2017-06-14,"Respiratory",1083,165,2017
2017-06-15,"Respiratory",1010,166,2017
2017-06-16,"Respiratory",1078,167,2017
2017-06-17,"Respiratory",948,168,2017
2017-06-18,"Respiratory",936,169,2017
2017-06-19,"Respiratory",1202,170,2017
2017-06-20,"Respiratory",1038,171,2017
2017-06-21,"Respiratory",1000,172,2017
2017-06-22,"Respiratory",874,173,2017
2017-06-23,"Respiratory",1016,174,2017
2017-06-24,"Respiratory",838,175,2017
2017-06-25,"Respiratory",883,176,2017
2017-06-26,"Respiratory",1040,177,2017
2017-06-27,"Respiratory",1054,178,2017
2017-06-28,"Respiratory",979,179,2017
2017-06-29,"Respiratory",916,180,2017
2017-06-30,"Respiratory",951,181,2017
2017-07-01,"Respiratory",838,182,2017
2017-07-02,"Respiratory",814,183,2017
2017-07-03,"Respiratory",1036,184,2017
2017-07-04,"Respiratory",830,185,2017
2017-07-05,"Respiratory",978,186,2017
2017-07-06,"Respiratory",922,187,2017
2017-07-07,"Respiratory",871,188,2017
2017-07-08,"Respiratory",843,189,2017
2017-07-09,"Respiratory",889,190,2017
2017-07-10,"Respiratory",1044,191,2017
2017-07-11,"Respiratory",952,192,2017
2017-07-12,"Respiratory",861,193,2017
2017-07-13,"Respiratory",908,194,2017
2017-07-14,"Respiratory",831,195,2017
2017-07-15,"Respiratory",769,196,2017
2017-07-16,"Respiratory",753,197,2017
2017-07-17,"Respiratory",1025,198,2017
2017-07-18,"Respiratory",892,199,2017
2017-07-19,"Respiratory",842,200,2017
2017-07-20,"Respiratory",854,201,2017
2017-07-21,"Respiratory",790,202,2017
2017-07-22,"Respiratory",732,203,2017
2017-07-23,"Respiratory",782,204,2017
2017-07-24,"Respiratory",971,205,2017
2017-07-25,"Respiratory",866,206,2017
2017-07-26,"Respiratory",858,207,2017
2017-07-27,"Respiratory",881,208,2017
2017-07-28,"Respiratory",861,209,2017
2017-07-29,"Respiratory",748,210,2017
2017-07-30,"Respiratory",673,211,2017
2017-07-31,"Respiratory",904,212,2017
2017-08-01,"Respiratory",890,213,2017
2017-08-02,"Respiratory",876,214,2017
2017-08-03,"Respiratory",872,215,2017
2017-08-04,"Respiratory",816,216,2017
2017-08-05,"Respiratory",691,217,2017
2017-08-06,"Respiratory",809,218,2017
2017-08-07,"Respiratory",933,219,2017
2017-08-08,"Respiratory",839,220,2017
2017-08-09,"Respiratory",876,221,2017
2017-08-10,"Respiratory",951,222,2017
2017-08-11,"Respiratory",820,223,2017
2017-08-12,"Respiratory",761,224,2017
2017-08-13,"Respiratory",797,225,2017
2017-08-14,"Respiratory",1089,226,2017
2017-08-15,"Respiratory",967,227,2017
2017-08-16,"Respiratory",883,228,2017
2017-08-17,"Respiratory",878,229,2017
2017-08-18,"Respiratory",805,230,2017
2017-08-19,"Respiratory",812,231,2017
2017-08-20,"Respiratory",881,232,2017
2017-08-21,"Respiratory",1036,233,2017
2017-08-22,"Respiratory",998,234,2017
2017-08-23,"Respiratory",962,235,2017
2017-08-24,"Respiratory",869,236,2017
2017-08-25,"Respiratory",902,237,2017
2017-08-26,"Respiratory",734,238,2017
2017-08-27,"Respiratory",818,239,2017
2017-08-28,"Respiratory",1043,240,2017
2017-08-29,"Respiratory",953,241,2017
2017-08-30,"Respiratory",871,242,2017
2017-08-31,"Respiratory",876,243,2017
2017-09-01,"Respiratory",812,244,2017
2017-09-02,"Respiratory",772,245,2017
2017-09-03,"Respiratory",827,246,2017
2017-09-04,"Respiratory",945,247,2017
2017-09-05,"Respiratory",1051,248,2017
2017-09-06,"Respiratory",891,249,2017
2017-09-07,"Respiratory",1011,250,2017
2017-09-08,"Respiratory",897,251,2017
2017-09-09,"Respiratory",901,252,2017
2017-09-10,"Respiratory",942,253,2017
2017-09-11,"Respiratory",1138,254,2017
2017-09-12,"Respiratory",1084,255,2017
2017-09-13,"Respiratory",1037,256,2017
2017-09-14,"Respiratory",1168,257,2017
2017-09-15,"Respiratory",1149,258,2017
2017-09-16,"Respiratory",996,259,2017
2017-09-17,"Respiratory",1066,260,2017
2017-09-18,"Respiratory",1373,261,2017
2017-09-19,"Respiratory",1215,262,2017
2017-09-20,"Respiratory",1165,263,2017
2017-09-21,"Respiratory",1150,264,2017
2017-09-22,"Respiratory",1153,265,2017
2017-09-23,"Respiratory",1079,266,2017
2017-09-24,"Respiratory",1091,267,2017
2017-09-25,"Respiratory",1392,268,2017
2017-09-26,"Respiratory",1244,269,2017
2017-09-27,"Respiratory",1125,270,2017
2017-09-28,"Respiratory",1093,271,2017
2017-09-29,"Respiratory",981,272,2017
2017-09-30,"Respiratory",922,273,2017
2017-10-01,"Respiratory",956,274,2017
2017-10-02,"Respiratory",1291,275,2017
2017-10-03,"Respiratory",1161,276,2017
2017-10-04,"Respiratory",1148,277,2017
2017-10-05,"Respiratory",1106,278,2017
2017-10-06,"Respiratory",1102,279,2017
2017-10-07,"Respiratory",976,280,2017
2017-10-08,"Respiratory",1035,281,2017
2017-10-09,"Respiratory",1212,282,2017
2017-10-10,"Respiratory",1249,283,2017
2017-10-11,"Respiratory",1158,284,2017
2017-10-12,"Respiratory",1152,285,2017
2017-10-13,"Respiratory",1078,286,2017
2017-10-14,"Respiratory",943,287,2017
2017-10-15,"Respiratory",1023,288,2017
2017-10-16,"Respiratory",1219,289,2017
2017-10-17,"Respiratory",1159,290,2017
2017-10-18,"Respiratory",1123,291,2017
2017-10-19,"Respiratory",1206,292,2017
2017-10-20,"Respiratory",1091,293,2017
2017-10-21,"Respiratory",1148,294,2017
2017-10-22,"Respiratory",1149,295,2017
2017-10-23,"Respiratory",1486,296,2017
2017-10-24,"Respiratory",1294,297,2017
2017-10-25,"Respiratory",1331,298,2017
2017-10-26,"Respiratory",1222,299,2017
2017-10-27,"Respiratory",1169,300,2017
2017-10-28,"Respiratory",1100,301,2017
2017-10-29,"Respiratory",1085,302,2017
2017-10-30,"Respiratory",1363,303,2017
2017-10-31,"Respiratory",1193,304,2017
2017-11-01,"Respiratory",1301,305,2017
2017-11-02,"Respiratory",1386,306,2017
2017-11-03,"Respiratory",1402,307,2017
2017-11-04,"Respiratory",1138,308,2017
2017-11-05,"Respiratory",1276,309,2017
2017-11-06,"Respiratory",1544,310,2017
2017-11-07,"Respiratory",1265,311,2017
2017-11-08,"Respiratory",1425,312,2017
2017-11-09,"Respiratory",1401,313,2017
2017-11-10,"Respiratory",1259,314,2017
2017-11-11,"Respiratory",1165,315,2017
2017-11-12,"Respiratory",1277,316,2017
2017-11-13,"Respiratory",1567,317,2017
2017-11-14,"Respiratory",1484,318,2017
2017-11-15,"Respiratory",1460,319,2017
2017-11-16,"Respiratory",1342,320,2017
2017-11-17,"Respiratory",1318,321,2017
2017-11-18,"Respiratory",1327,322,2017
2017-11-19,"Respiratory",1278,323,2017
2017-11-20,"Respiratory",1579,324,2017
2017-11-21,"Respiratory",1437,325,2017
2017-11-22,"Respiratory",1331,326,2017
2017-11-23,"Respiratory",1003,327,2017
2017-11-24,"Respiratory",1555,328,2017
2017-11-25,"Respiratory",1485,329,2017
2017-11-26,"Respiratory",1546,330,2017
2017-11-27,"Respiratory",1815,331,2017
2017-11-28,"Respiratory",1725,332,2017
2017-11-29,"Respiratory",1590,333,2017
2017-11-30,"Respiratory",1386,334,2017
2017-12-01,"Respiratory",1288,335,2017
2017-12-02,"Respiratory",1324,336,2017
2017-12-03,"Respiratory",1420,337,2017
2017-12-04,"Respiratory",1842,338,2017
2017-12-05,"Respiratory",1635,339,2017
2017-12-06,"Respiratory",1582,340,2017
2017-12-07,"Respiratory",1566,341,2017
2017-12-08,"Respiratory",1411,342,2017
2017-12-09,"Respiratory",1137,343,2017
2017-12-10,"Respiratory",1404,344,2017
2017-12-11,"Respiratory",1750,345,2017
2017-12-12,"Respiratory",1699,346,2017
2017-12-13,"Respiratory",1412,347,2017
2017-12-14,"Respiratory",1419,348,2017
2017-12-15,"Respiratory",1402,349,2017
2017-12-16,"Respiratory",1363,350,2017
2017-12-17,"Respiratory",1373,351,2017
2017-12-18,"Respiratory",1874,352,2017
2017-12-19,"Respiratory",1750,353,2017
2017-12-20,"Respiratory",1607,354,2017
2017-12-21,"Respiratory",1555,355,2017
2017-12-22,"Respiratory",1483,356,2017
2017-12-23,"Respiratory",1396,357,2017
2017-12-24,"Respiratory",1352,358,2017
2017-12-25,"Respiratory",1501,359,2017
2017-12-26,"Respiratory",1970,360,2017
2017-12-27,"Respiratory",1856,361,2017
2017-12-28,"Respiratory",1666,362,2017
2017-12-29,"Respiratory",1663,363,2017
2017-12-30,"Respiratory",1609,364,2017
2017-12-31,"Respiratory",1416,365,2017
2018-01-01,"Respiratory",1637,1,2018
2018-01-02,"Respiratory",2143,2,2018
2018-01-03,"Respiratory",1997,3,2018
2018-01-04,"Respiratory",1119,4,2018
2018-01-05,"Respiratory",1648,5,2018
2018-01-06,"Respiratory",1539,6,2018
2018-01-07,"Respiratory",1736,7,2018
2018-01-08,"Respiratory",2016,8,2018
2018-01-09,"Respiratory",1951,9,2018
2018-01-10,"Respiratory",1809,10,2018
2018-01-11,"Respiratory",1944,11,2018
2018-01-12,"Respiratory",1825,12,2018
2018-01-13,"Respiratory",1624,13,2018
2018-01-14,"Respiratory",1667,14,2018
2018-01-15,"Respiratory",1913,15,2018
2018-01-16,"Respiratory",2114,16,2018
2018-01-17,"Respiratory",1895,17,2018
2018-01-18,"Respiratory",1963,18,2018
2018-01-19,"Respiratory",1957,19,2018
2018-01-20,"Respiratory",1920,20,2018
2018-01-21,"Respiratory",2046,21,2018
2018-01-22,"Respiratory",2453,22,2018
2018-01-23,"Respiratory",2237,23,2018
2018-01-24,"Respiratory",2158,24,2018
2018-01-25,"Respiratory",2127,25,2018
2018-01-26,"Respiratory",2076,26,2018
2018-01-27,"Respiratory",1968,27,2018
2018-01-28,"Respiratory",2115,28,2018
2018-01-29,"Respiratory",2626,29,2018
2018-01-30,"Respiratory",2421,30,2018
2018-01-31,"Respiratory",2264,31,2018
2018-02-01,"Respiratory",2268,32,2018
2018-02-02,"Respiratory",2014,33,2018
2018-02-03,"Respiratory",1984,34,2018
2018-02-04,"Respiratory",2004,35,2018
2018-02-05,"Respiratory",2718,36,2018
2018-02-06,"Respiratory",2967,37,2018
2018-02-07,"Respiratory",2401,38,2018
2018-02-08,"Respiratory",2268,39,2018
2018-02-09,"Respiratory",2181,40,2018
2018-02-10,"Respiratory",2172,41,2018
2018-02-11,"Respiratory",2336,42,2018
2018-02-12,"Respiratory",2973,43,2018
2018-02-13,"Respiratory",2680,44,2018
2018-02-14,"Respiratory",2310,45,2018
2018-02-15,"Respiratory",2297,46,2018
2018-02-16,"Respiratory",2132,47,2018
2018-02-17,"Respiratory",1874,48,2018
2018-02-18,"Respiratory",1950,49,2018
2018-02-19,"Respiratory",2210,50,2018
2018-02-20,"Respiratory",2080,51,2018
2018-02-21,"Respiratory",1792,52,2018
2018-02-22,"Respiratory",1665,53,2018
2018-02-23,"Respiratory",1483,54,2018
2018-02-24,"Respiratory",1361,55,2018
2018-02-25,"Respiratory",1350,56,2018
2018-02-26,"Respiratory",1686,57,2018
2018-02-27,"Respiratory",1485,58,2018
2018-02-28,"Respiratory",1385,59,2018
2018-03-01,"Respiratory",1363,60,2018
2018-03-02,"Respiratory",1040,61,2018
2018-03-03,"Respiratory",1158,62,2018
2018-03-04,"Respiratory",1193,63,2018
2018-03-05,"Respiratory",1457,64,2018
2018-03-06,"Respiratory",1361,65,2018
2018-03-07,"Respiratory",933,66,2018
2018-03-08,"Respiratory",1221,67,2018
2018-03-09,"Respiratory",1223,68,2018
2018-03-10,"Respiratory",1062,69,2018
2018-03-11,"Respiratory",1077,70,2018
2018-03-12,"Respiratory",1483,71,2018
2018-03-13,"Respiratory",1144,72,2018
2018-03-14,"Respiratory",1300,73,2018
2018-03-15,"Respiratory",1179,74,2018
2018-03-16,"Respiratory",1183,75,2018
2018-03-17,"Respiratory",1017,76,2018
2018-03-18,"Respiratory",1080,77,2018
2018-03-19,"Respiratory",1495,78,2018
2018-03-20,"Respiratory",1373,79,2018
2018-03-21,"Respiratory",871,80,2018
2018-03-22,"Respiratory",1205,81,2018
2018-03-23,"Respiratory",1227,82,2018
2018-03-24,"Respiratory",1043,83,2018
2018-03-25,"Respiratory",1084,84,2018
2018-03-26,"Respiratory",1405,85,2018
2018-03-27,"Respiratory",1279,86,2018
2018-03-28,"Respiratory",1176,87,2018
2018-03-29,"Respiratory",1128,88,2018
2018-03-30,"Respiratory",1032,89,2018
2018-03-31,"Respiratory",987,90,2018
2018-04-01,"Respiratory",1081,91,2018
2018-04-02,"Respiratory",1186,92,2018
2018-04-03,"Respiratory",1200,93,2018
2018-04-04,"Respiratory",1210,94,2018
2018-04-05,"Respiratory",1075,95,2018
2018-04-06,"Respiratory",1088,96,2018
2018-04-07,"Respiratory",987,97,2018
2018-04-08,"Respiratory",1077,98,2018
2018-04-09,"Respiratory",1313,99,2018
2018-04-10,"Respiratory",1128,100,2018
2018-04-11,"Respiratory",1067,101,2018
2018-04-12,"Respiratory",1131,102,2018
2018-04-13,"Respiratory",1074,103,2018
2018-04-14,"Respiratory",882,104,2018
2018-04-15,"Respiratory",946,105,2018
2018-04-16,"Respiratory",1163,106,2018
2018-04-17,"Respiratory",1179,107,2018
2018-04-18,"Respiratory",1143,108,2018
2018-04-19,"Respiratory",1068,109,2018
2018-04-20,"Respiratory",1046,110,2018
2018-04-21,"Respiratory",934,111,2018
2018-04-22,"Respiratory",981,112,2018
2018-04-23,"Respiratory",1269,113,2018
2018-04-24,"Respiratory",1124,114,2018
2018-04-25,"Respiratory",1167,115,2018
2018-04-26,"Respiratory",1099,116,2018
2018-04-27,"Respiratory",1057,117,2018
2018-04-28,"Respiratory",963,118,2018
2018-04-29,"Respiratory",1019,119,2018
2018-04-30,"Respiratory",1354,120,2018
2018-05-01,"Respiratory",1080,121,2018
2018-05-02,"Respiratory",1181,122,2018
2018-05-03,"Respiratory",1133,123,2018
2018-05-04,"Respiratory",1092,124,2018
2018-05-05,"Respiratory",1043,125,2018
2018-05-06,"Respiratory",1139,126,2018
2018-05-07,"Respiratory",1404,127,2018
2018-05-08,"Respiratory",1287,128,2018
2018-05-09,"Respiratory",1242,129,2018
2018-05-10,"Respiratory",1265,130,2018
2018-05-11,"Respiratory",1366,131,2018
2018-05-12,"Respiratory",1241,132,2018
2018-05-13,"Respiratory",1127,133,2018
2018-05-14,"Respiratory",1530,134,2018
2018-05-15,"Respiratory",1272,135,2018
2018-05-16,"Respiratory",1279,136,2018
2018-05-17,"Respiratory",1171,137,2018
2018-05-18,"Respiratory",1097,138,2018
2018-05-19,"Respiratory",986,139,2018
2018-05-20,"Respiratory",1141,140,2018
2018-05-21,"Respiratory",1353,141,2018
2018-05-22,"Respiratory",1332,142,2018
2018-05-23,"Respiratory",1206,143,2018
2018-05-24,"Respiratory",1177,144,2018
2018-05-25,"Respiratory",1134,145,2018
2018-05-26,"Respiratory",1048,146,2018
2018-05-27,"Respiratory",1046,147,2018
2018-05-28,"Respiratory",1231,148,2018
2018-05-29,"Respiratory",1280,149,2018
2018-05-30,"Respiratory",1104,150,2018
2018-05-31,"Respiratory",1066,151,2018
2018-06-01,"Respiratory",1061,152,2018
2018-06-02,"Respiratory",948,153,2018
2018-06-03,"Respiratory",976,154,2018
2018-06-04,"Respiratory",1214,155,2018
2018-06-05,"Respiratory",1129,156,2018
2018-06-06,"Respiratory",1105,157,2018
2018-06-07,"Respiratory",1094,158,2018
2018-06-08,"Respiratory",1026,159,2018
2018-06-09,"Respiratory",932,160,2018
2018-06-10,"Respiratory",1008,161,2018
2018-06-11,"Respiratory",1227,162,2018
2018-06-12,"Respiratory",1048,163,2018
2018-06-13,"Respiratory",1007,164,2018
2018-06-14,"Respiratory",918,165,2018
2018-06-15,"Respiratory",888,166,2018
2018-06-16,"Respiratory",838,167,2018
2018-06-17,"Respiratory",874,168,2018
2018-06-18,"Respiratory",1228,169,2018
2018-06-19,"Respiratory",1080,170,2018
2018-06-20,"Respiratory",1005,171,2018
2018-06-21,"Respiratory",960,172,2018
2018-06-22,"Respiratory",852,173,2018
2018-06-23,"Respiratory",851,174,2018
2018-06-24,"Respiratory",848,175,2018
2018-06-25,"Respiratory",1085,176,2018
2018-06-26,"Respiratory",885,177,2018
2018-06-27,"Respiratory",870,178,2018
2018-06-28,"Respiratory",882,179,2018
2018-06-29,"Respiratory",846,180,2018
2018-06-30,"Respiratory",722,181,2018
2018-07-01,"Respiratory",766,182,2018
2018-07-02,"Respiratory",988,183,2018
2018-07-03,"Respiratory",811,184,2018
2018-07-04,"Respiratory",713,185,2018
2018-07-05,"Respiratory",915,186,2018
2018-07-06,"Respiratory",826,187,2018
2018-07-07,"Respiratory",708,188,2018
2018-07-08,"Respiratory",726,189,2018
2018-07-09,"Respiratory",989,190,2018
2018-07-10,"Respiratory",912,191,2018
2018-07-11,"Respiratory",893,192,2018
2018-07-12,"Respiratory",791,193,2018
2018-07-13,"Respiratory",857,194,2018
2018-07-14,"Respiratory",669,195,2018
2018-07-15,"Respiratory",727,196,2018
2018-07-16,"Respiratory",956,197,2018
2018-07-17,"Respiratory",852,198,2018
2018-07-18,"Respiratory",778,199,2018
2018-07-19,"Respiratory",780,200,2018
2018-07-20,"Respiratory",718,201,2018
2018-07-21,"Respiratory",655,202,2018
2018-07-22,"Respiratory",682,203,2018
2018-07-23,"Respiratory",865,204,2018
2018-07-24,"Respiratory",804,205,2018
2018-07-25,"Respiratory",763,206,2018
2018-07-26,"Respiratory",729,207,2018
2018-07-27,"Respiratory",669,208,2018
2018-07-28,"Respiratory",678,209,2018
2018-07-29,"Respiratory",699,210,2018
2018-07-30,"Respiratory",819,211,2018
2018-07-31,"Respiratory",828,212,2018
2018-08-01,"Respiratory",772,213,2018
2018-08-02,"Respiratory",798,214,2018
2018-08-03,"Respiratory",690,215,2018
2018-08-04,"Respiratory",672,216,2018
2018-08-05,"Respiratory",671,217,2018
2018-08-06,"Respiratory",939,218,2018
2018-08-07,"Respiratory",823,219,2018
2018-08-08,"Respiratory",771,220,2018
2018-08-09,"Respiratory",792,221,2018
2018-08-10,"Respiratory",752,222,2018
2018-08-11,"Respiratory",646,223,2018
2018-08-12,"Respiratory",764,224,2018
2018-08-13,"Respiratory",907,225,2018
2018-08-14,"Respiratory",810,226,2018
2018-08-15,"Respiratory",826,227,2018
2018-08-16,"Respiratory",846,228,2018
2018-08-17,"Respiratory",812,229,2018
2018-08-18,"Respiratory",703,230,2018
2018-08-19,"Respiratory",730,231,2018
2018-08-20,"Respiratory",900,232,2018
2018-08-21,"Respiratory",831,233,2018
2018-08-22,"Respiratory",824,234,2018
2018-08-23,"Respiratory",809,235,2018
2018-08-24,"Respiratory",742,236,2018
2018-08-25,"Respiratory",646,237,2018
2018-08-26,"Respiratory",705,238,2018
2018-08-27,"Respiratory",934,239,2018
2018-08-28,"Respiratory",865,240,2018
2018-08-29,"Respiratory",868,241,2018
2018-08-30,"Respiratory",774,242,2018
2018-08-31,"Respiratory",751,243,2018
2018-09-01,"Respiratory",697,244,2018
2018-09-02,"Respiratory",803,245,2018
2018-09-03,"Respiratory",809,246,2018
2018-09-04,"Respiratory",928,247,2018
2018-09-05,"Respiratory",863,248,2018
2018-09-06,"Respiratory",864,249,2018
2018-09-07,"Respiratory",846,250,2018
2018-09-08,"Respiratory",763,251,2018
2018-09-09,"Respiratory",764,252,2018
2018-09-10,"Respiratory",1007,253,2018
2018-09-11,"Respiratory",1010,254,2018
2018-09-12,"Respiratory",997,255,2018
2018-09-13,"Respiratory",889,256,2018
2018-09-14,"Respiratory",940,257,2018
2018-09-15,"Respiratory",864,258,2018
2018-09-16,"Respiratory",920,259,2018
2018-09-17,"Respiratory",1295,260,2018
2018-09-18,"Respiratory",1168,261,2018
2018-09-19,"Respiratory",1131,262,2018
2018-09-20,"Respiratory",1213,263,2018
2018-09-21,"Respiratory",1133,264,2018
2018-09-22,"Respiratory",1004,265,2018
2018-09-23,"Respiratory",1117,266,2018
2018-09-24,"Respiratory",1420,267,2018
2018-09-25,"Respiratory",1303,268,2018
2018-09-26,"Respiratory",1315,269,2018
2018-09-27,"Respiratory",1242,270,2018
2018-09-28,"Respiratory",1152,271,2018
2018-09-29,"Respiratory",1107,272,2018
2018-09-30,"Respiratory",1164,273,2018
2018-10-01,"Respiratory",1554,274,2018
2018-10-02,"Respiratory",1472,275,2018
2018-10-03,"Respiratory",1317,276,2018
2018-10-04,"Respiratory",1413,277,2018
2018-10-05,"Respiratory",1294,278,2018
2018-10-06,"Respiratory",1161,279,2018
2018-10-07,"Respiratory",1249,280,2018
2018-10-08,"Respiratory",1450,281,2018
2018-10-09,"Respiratory",1504,282,2018
2018-10-10,"Respiratory",1429,283,2018
2018-10-11,"Respiratory",1324,284,2018
2018-10-12,"Respiratory",1310,285,2018
2018-10-13,"Respiratory",1187,286,2018
2018-10-14,"Respiratory",1240,287,2018
2018-10-15,"Respiratory",1561,288,2018
2018-10-16,"Respiratory",1403,289,2018
2018-10-17,"Respiratory",1406,290,2018
2018-10-18,"Respiratory",1349,291,2018
2018-10-19,"Respiratory",1296,292,2018
2018-10-20,"Respiratory",1244,293,2018
2018-10-21,"Respiratory",1171,294,2018
2018-10-22,"Respiratory",1538,295,2018
2018-10-23,"Respiratory",1459,296,2018
2018-10-24,"Respiratory",1308,297,2018
2018-10-25,"Respiratory",1336,298,2018
2018-10-26,"Respiratory",1219,299,2018
2018-10-27,"Respiratory",1065,300,2018
2018-10-28,"Respiratory",1192,301,2018
2018-10-29,"Respiratory",1540,302,2018
2018-10-30,"Respiratory",1344,303,2018
2018-10-31,"Respiratory",1208,304,2018
2018-11-01,"Respiratory",1393,305,2018
2018-11-02,"Respiratory",1295,306,2018
2018-11-03,"Respiratory",1081,307,2018
2018-11-04,"Respiratory",1147,308,2018
2018-11-05,"Respiratory",1474,309,2018
2018-11-06,"Respiratory",1303,310,2018
2018-11-07,"Respiratory",1420,311,2018
2018-11-08,"Respiratory",1394,312,2018
2018-11-09,"Respiratory",1220,313,2018
2018-11-10,"Respiratory",1135,314,2018
2018-11-11,"Respiratory",1180,315,2018
2018-11-12,"Respiratory",1466,316,2018
2018-11-13,"Respiratory",1307,317,2018
2018-11-14,"Respiratory",1254,318,2018
2018-11-15,"Respiratory",1051,319,2018
2018-11-16,"Respiratory",1261,320,2018
2018-11-17,"Respiratory",1263,321,2018
2018-11-18,"Respiratory",1364,322,2018
2018-11-19,"Respiratory",1690,323,2018
2018-11-20,"Respiratory",1474,324,2018
2018-11-21,"Respiratory",1169,325,2018
2018-11-22,"Respiratory",882,326,2018
2018-11-23,"Respiratory",1420,327,2018
2018-11-24,"Respiratory",1402,328,2018
2018-11-25,"Respiratory",1450,329,2018
2018-11-26,"Respiratory",1762,330,2018
2018-11-27,"Respiratory",1587,331,2018
2018-11-28,"Respiratory",1409,332,2018
2018-11-29,"Respiratory",1415,333,2018
2018-11-30,"Respiratory",1362,334,2018
2018-12-01,"Respiratory",1286,335,2018
2018-12-02,"Respiratory",1397,336,2018
2018-12-03,"Respiratory",1729,337,2018
2018-12-04,"Respiratory",1539,338,2018
2018-12-05,"Respiratory",1454,339,2018
2018-12-06,"Respiratory",1403,340,2018
2018-12-07,"Respiratory",1341,341,2018
2018-12-08,"Respiratory",1284,342,2018
2018-12-09,"Respiratory",1345,343,2018
2018-12-10,"Respiratory",1828,344,2018
2018-12-11,"Respiratory",1630,345,2018
2018-12-12,"Respiratory",1564,346,2018
2018-12-13,"Respiratory",1509,347,2018
2018-12-14,"Respiratory",1478,348,2018
2018-12-15,"Respiratory",1517,349,2018
2018-12-16,"Respiratory",1439,350,2018
2018-12-17,"Respiratory",1847,351,2018
2018-12-18,"Respiratory",1673,352,2018
2018-12-19,"Respiratory",1566,353,2018
2018-12-20,"Respiratory",1579,354,2018
2018-12-21,"Respiratory",1384,355,2018
2018-12-22,"Respiratory",1472,356,2018
2018-12-23,"Respiratory",1553,357,2018
2018-12-24,"Respiratory",1514,358,2018
2018-12-25,"Respiratory",1509,359,2018
2018-12-26,"Respiratory",2070,360,2018
2018-12-27,"Respiratory",1818,361,2018
2018-12-28,"Respiratory",1788,362,2018
2018-12-29,"Respiratory",1729,363,2018
2018-12-30,"Respiratory",1661,364,2018
2018-12-31,"Respiratory",1467,365,2018
2019-01-01,"Respiratory",1632,1,2019
2019-01-02,"Respiratory",1933,2,2019
2019-01-03,"Respiratory",1832,3,2019
2019-01-04,"Respiratory",1675,4,2019
2019-01-05,"Respiratory",1536,5,2019
2019-01-06,"Respiratory",1480,6,2019
2019-01-07,"Respiratory",1821,7,2019
2019-01-08,"Respiratory",1684,8,2019
2019-01-09,"Respiratory",1582,9,2019
2019-01-10,"Respiratory",1502,10,2019
2019-01-11,"Respiratory",1372,11,2019
2019-01-12,"Respiratory",1287,12,2019
2019-01-13,"Respiratory",1328,13,2019
2019-01-14,"Respiratory",1751,14,2019
2019-01-15,"Respiratory",1602,15,2019
2019-01-16,"Respiratory",1516,16,2019
2019-01-17,"Respiratory",1460,17,2019
2019-01-18,"Respiratory",1443,18,2019
2019-01-19,"Respiratory",1366,19,2019
2019-01-20,"Respiratory",1405,20,2019
2019-01-21,"Respiratory",1310,21,2019
2019-01-22,"Respiratory",1634,22,2019
2019-01-23,"Respiratory",1686,23,2019
2019-01-24,"Respiratory",1538,24,2019
2019-01-25,"Respiratory",1481,25,2019
2019-01-26,"Respiratory",1312,26,2019
2019-01-27,"Respiratory",1437,27,2019
2019-01-28,"Respiratory",1788,28,2019
2019-01-29,"Respiratory",1609,29,2019
2019-01-30,"Respiratory",1398,30,2019
2019-01-31,"Respiratory",1216,31,2019
2019-02-01,"Respiratory",1425,32,2019
2019-02-02,"Respiratory",1326,33,2019
2019-02-03,"Respiratory",1399,34,2019
2019-02-04,"Respiratory",1888,35,2019
2019-02-05,"Respiratory",1632,36,2019
2019-02-06,"Respiratory",1695,37,2019
2019-02-07,"Respiratory",1620,38,2019
2019-02-08,"Respiratory",1509,39,2019
2019-02-09,"Respiratory",1214,40,2019
2019-02-10,"Respiratory",1371,41,2019
2019-02-11,"Respiratory",1749,42,2019
2019-02-12,"Respiratory",1332,43,2019
2019-02-13,"Respiratory",1512,44,2019
2019-02-14,"Respiratory",1407,45,2019
2019-02-15,"Respiratory",1444,46,2019
2019-02-16,"Respiratory",1280,47,2019
2019-02-17,"Respiratory",1443,48,2019
2019-02-18,"Respiratory",1672,49,2019
2019-02-19,"Respiratory",1536,50,2019
2019-02-20,"Respiratory",1316,51,2019
2019-02-21,"Respiratory",1417,52,2019
2019-02-22,"Respiratory",1413,53,2019
2019-02-23,"Respiratory",1293,54,2019
2019-02-24,"Respiratory",1209,55,2019
2019-02-25,"Respiratory",1501,56,2019
2019-02-26,"Respiratory",1334,57,2019
2019-02-27,"Respiratory",1282,58,2019
2019-02-28,"Respiratory",1228,59,2019
2019-03-01,"Respiratory",1131,60,2019
2019-03-02,"Respiratory",1033,61,2019
2019-03-03,"Respiratory",1195,62,2019
2019-03-04,"Respiratory",1317,63,2019
2019-03-05,"Respiratory",1404,64,2019
2019-03-06,"Respiratory",1265,65,2019
2019-03-07,"Respiratory",1215,66,2019
2019-03-08,"Respiratory",1208,67,2019
2019-03-09,"Respiratory",1053,68,2019
2019-03-10,"Respiratory",1045,69,2019
2019-03-11,"Respiratory",1477,70,2019
2019-03-12,"Respiratory",1444,71,2019
2019-03-13,"Respiratory",1364,72,2019
2019-03-14,"Respiratory",1307,73,2019
2019-03-15,"Respiratory",1326,74,2019
2019-03-16,"Respiratory",1165,75,2019
2019-03-17,"Respiratory",1195,76,2019
2019-03-18,"Respiratory",1512,77,2019
2019-03-19,"Respiratory",1282,78,2019
2019-03-20,"Respiratory",1279,79,2019
2019-03-21,"Respiratory",1210,80,2019
2019-03-22,"Respiratory",1262,81,2019
2019-03-23,"Respiratory",1113,82,2019
2019-03-24,"Respiratory",1134,83,2019
2019-03-25,"Respiratory",1537,84,2019
2019-03-26,"Respiratory",1262,85,2019
2019-03-27,"Respiratory",1227,86,2019
2019-03-28,"Respiratory",1258,87,2019
2019-03-29,"Respiratory",1230,88,2019
2019-03-30,"Respiratory",1067,89,2019
2019-03-31,"Respiratory",1200,90,2019
2019-04-01,"Respiratory",1374,91,2019
2019-04-02,"Respiratory",1323,92,2019
2019-04-03,"Respiratory",1215,93,2019
2019-04-04,"Respiratory",1172,94,2019
2019-04-05,"Respiratory",1180,95,2019
2019-04-06,"Respiratory",1109,96,2019
2019-04-07,"Respiratory",1180,97,2019
2019-04-08,"Respiratory",1528,98,2019
2019-04-09,"Respiratory",1359,99,2019
2019-04-10,"Respiratory",1347,100,2019
2019-04-11,"Respiratory",1185,101,2019
2019-04-12,"Respiratory",1132,102,2019
2019-04-13,"Respiratory",1075,103,2019
2019-04-14,"Respiratory",1133,104,2019
2019-04-15,"Respiratory",1377,105,2019
2019-04-16,"Respiratory",1243,106,2019
2019-04-17,"Respiratory",1143,107,2019
2019-04-18,"Respiratory",1143,108,2019
2019-04-19,"Respiratory",1106,109,2019
2019-04-20,"Respiratory",1020,110,2019
2019-04-21,"Respiratory",1007,111,2019
2019-04-22,"Respiratory",1274,112,2019
2019-04-23,"Respiratory",1179,113,2019
2019-04-24,"Respiratory",1174,114,2019
2019-04-25,"Respiratory",1101,115,2019
2019-04-26,"Respiratory",1072,116,2019
2019-04-27,"Respiratory",1012,117,2019
2019-04-28,"Respiratory",1043,118,2019
2019-04-29,"Respiratory",1279,119,2019
2019-04-30,"Respiratory",1226,120,2019
2019-05-01,"Respiratory",1108,121,2019
2019-05-02,"Respiratory",1122,122,2019
2019-05-03,"Respiratory",1118,123,2019
2019-05-04,"Respiratory",943,124,2019
2019-05-05,"Respiratory",934,125,2019
2019-05-06,"Respiratory",1236,126,2019
2019-05-07,"Respiratory",1251,127,2019
2019-05-08,"Respiratory",1137,128,2019
2019-05-09,"Respiratory",1137,129,2019
2019-05-10,"Respiratory",1075,130,2019
2019-05-11,"Respiratory",1008,131,2019
2019-05-12,"Respiratory",981,132,2019
2019-05-13,"Respiratory",1360,133,2019
2019-05-14,"Respiratory",1328,134,2019
2019-05-15,"Respiratory",1262,135,2019
2019-05-16,"Respiratory",1235,136,2019
2019-05-17,"Respiratory",1204,137,2019
2019-05-18,"Respiratory",1007,138,2019
2019-05-19,"Respiratory",1184,139,2019
2019-05-20,"Respiratory",1404,140,2019
2019-05-21,"Respiratory",1246,141,2019
2019-05-22,"Respiratory",1233,142,2019
2019-05-23,"Respiratory",1214,143,2019
2019-05-24,"Respiratory",1220,144,2019
2019-05-25,"Respiratory",1042,145,2019
2019-05-26,"Respiratory",1121,146,2019
2019-05-27,"Respiratory",1191,147,2019
2019-05-28,"Respiratory",1355,148,2019
2019-05-29,"Respiratory",1199,149,2019
2019-05-30,"Respiratory",1115,150,2019
2019-05-31,"Respiratory",1063,151,2019
2019-06-01,"Respiratory",1018,152,2019
2019-06-02,"Respiratory",929,153,2019
2019-06-03,"Respiratory",1270,154,2019
2019-06-04,"Respiratory",1075,155,2019
2019-06-05,"Respiratory",1184,156,2019
2019-06-06,"Respiratory",1077,157,2019
2019-06-07,"Respiratory",1017,158,2019
2019-06-08,"Respiratory",924,159,2019
2019-06-09,"Respiratory",949,160,2019
2019-06-10,"Respiratory",1221,161,2019
2019-06-11,"Respiratory",1043,162,2019
2019-06-12,"Respiratory",1045,163,2019
2019-06-13,"Respiratory",964,164,2019
2019-06-14,"Respiratory",1037,165,2019
2019-06-15,"Respiratory",842,166,2019
2019-06-16,"Respiratory",909,167,2019
2019-06-17,"Respiratory",1184,168,2019
2019-06-18,"Respiratory",1048,169,2019
2019-06-19,"Respiratory",1105,170,2019
2019-06-20,"Respiratory",974,171,2019
2019-06-21,"Respiratory",891,172,2019
2019-06-22,"Respiratory",829,173,2019
2019-06-23,"Respiratory",876,174,2019
2019-06-24,"Respiratory",1183,175,2019
2019-06-25,"Respiratory",955,176,2019
2019-06-26,"Respiratory",896,177,2019
2019-06-27,"Respiratory",907,178,2019
2019-06-28,"Respiratory",910,179,2019
2019-06-29,"Respiratory",852,180,2019
2019-06-30,"Respiratory",867,181,2019
2019-07-01,"Respiratory",1024,182,2019
2019-07-02,"Respiratory",911,183,2019
2019-07-03,"Respiratory",869,184,2019
2019-07-04,"Respiratory",665,185,2019
2019-07-05,"Respiratory",977,186,2019
2019-07-06,"Respiratory",819,187,2019
2019-07-07,"Respiratory",876,188,2019
2019-07-08,"Respiratory",1039,189,2019
2019-07-09,"Respiratory",889,190,2019
2019-07-10,"Respiratory",884,191,2019
2019-07-11,"Respiratory",850,192,2019
2019-07-12,"Respiratory",817,193,2019
2019-07-13,"Respiratory",678,194,2019
2019-07-14,"Respiratory",743,195,2019
2019-07-15,"Respiratory",899,196,2019
2019-07-16,"Respiratory",828,197,2019
2019-07-17,"Respiratory",790,198,2019
2019-07-18,"Respiratory",771,199,2019
2019-07-19,"Respiratory",785,200,2019
2019-07-20,"Respiratory",667,201,2019
2019-07-21,"Respiratory",737,202,2019
2019-07-22,"Respiratory",891,203,2019
2019-07-23,"Respiratory",818,204,2019
2019-07-24,"Respiratory",841,205,2019
2019-07-25,"Respiratory",796,206,2019
2019-07-26,"Respiratory",692,207,2019
2019-07-27,"Respiratory",635,208,2019
2019-07-28,"Respiratory",697,209,2019
2019-07-29,"Respiratory",862,210,2019
2019-07-30,"Respiratory",730,211,2019
2019-08-07,"Respiratory",798,219,2019
2019-08-08,"Respiratory",789,220,2019
2019-08-09,"Respiratory",719,221,2019
2019-08-10,"Respiratory",665,222,2019
2019-08-11,"Respiratory",681,223,2019
2019-08-12,"Respiratory",867,224,2019
2019-08-13,"Respiratory",894,225,2019
2019-08-14,"Respiratory",838,226,2019
2019-08-15,"Respiratory",761,227,2019
2019-08-16,"Respiratory",786,228,2019
2019-08-17,"Respiratory",715,229,2019
2019-08-18,"Respiratory",708,230,2019
2019-08-19,"Respiratory",898,231,2019
2019-08-20,"Respiratory",863,232,2019
2019-08-21,"Respiratory",799,233,2019
2019-08-22,"Respiratory",808,234,2019
2019-08-23,"Respiratory",755,235,2019
2019-08-24,"Respiratory",757,236,2019
2019-08-25,"Respiratory",771,237,2019
2019-08-26,"Respiratory",941,238,2019
2019-08-27,"Respiratory",878,239,2019
2019-08-28,"Respiratory",833,240,2019
2019-08-29,"Respiratory",787,241,2019
2019-08-30,"Respiratory",814,242,2019
2019-08-31,"Respiratory",781,243,2019
2019-09-01,"Respiratory",754,244,2019
2019-09-02,"Respiratory",854,245,2019
2019-09-03,"Respiratory",1003,246,2019
2019-09-04,"Respiratory",900,247,2019
2019-09-05,"Respiratory",852,248,2019
2019-09-06,"Respiratory",865,249,2019
2019-09-07,"Respiratory",811,250,2019
2019-09-08,"Respiratory",825,251,2019
2019-09-09,"Respiratory",1053,252,2019
2019-09-10,"Respiratory",973,253,2019
2019-09-11,"Respiratory",956,254,2019
2019-09-12,"Respiratory",991,255,2019
2019-09-13,"Respiratory",898,256,2019
2019-09-14,"Respiratory",914,257,2019
2019-09-15,"Respiratory",1009,258,2019
2019-09-16,"Respiratory",1304,259,2019
2019-09-17,"Respiratory",1211,260,2019
2019-09-18,"Respiratory",1179,261,2019
2019-09-19,"Respiratory",1169,262,2019
2019-09-20,"Respiratory",1198,263,2019
2019-09-21,"Respiratory",1044,264,2019
2019-09-22,"Respiratory",1157,265,2019
2019-09-23,"Respiratory",1479,266,2019
2019-09-24,"Respiratory",1272,267,2019
2019-09-25,"Respiratory",1212,268,2019
2019-09-26,"Respiratory",1234,269,2019
2019-09-27,"Respiratory",1046,270,2019
2019-09-28,"Respiratory",1055,271,2019
2019-09-29,"Respiratory",1025,272,2019
2019-09-30,"Respiratory",1200,273,2019
2019-10-01,"Respiratory",1174,274,2019
2019-10-02,"Respiratory",1104,275,2019
2019-10-03,"Respiratory",944,276,2019
2019-10-04,"Respiratory",986,277,2019
2019-10-05,"Respiratory",898,278,2019
2019-10-06,"Respiratory",957,279,2019
2019-10-07,"Respiratory",1252,280,2019
2019-10-08,"Respiratory",1123,281,2019
2019-10-09,"Respiratory",959,282,2019
2019-10-10,"Respiratory",1026,283,2019
2019-10-11,"Respiratory",1021,284,2019
2019-10-12,"Respiratory",938,285,2019
2019-10-13,"Respiratory",1013,286,2019
2019-10-14,"Respiratory",1214,287,2019
2019-10-15,"Respiratory",1202,288,2019
2019-10-16,"Respiratory",1079,289,2019
2019-10-17,"Respiratory",1060,290,2019
2019-10-18,"Respiratory",1114,291,2019
2019-10-19,"Respiratory",948,292,2019
2019-10-20,"Respiratory",921,293,2019
2019-10-21,"Respiratory",1201,294,2019
2019-10-22,"Respiratory",1179,295,2019
2019-10-23,"Respiratory",1131,296,2019
2019-10-24,"Respiratory",1056,297,2019
2019-10-25,"Respiratory",1122,298,2019
2019-10-26,"Respiratory",968,299,2019
2019-10-27,"Respiratory",962,300,2019
2019-10-28,"Respiratory",1385,301,2019
2019-10-29,"Respiratory",1181,302,2019
2019-10-30,"Respiratory",1157,303,2019
2019-10-31,"Respiratory",1015,304,2019
2019-11-01,"Respiratory",1023,305,2019
2019-11-02,"Respiratory",1047,306,2019
2019-11-03,"Respiratory",1154,307,2019
2019-11-04,"Respiratory",1455,308,2019
2019-11-05,"Respiratory",1244,309,2019
2019-11-06,"Respiratory",1297,310,2019
2019-11-07,"Respiratory",1178,311,2019
2019-11-08,"Respiratory",1142,312,2019
2019-11-09,"Respiratory",991,313,2019
2019-11-10,"Respiratory",1121,314,2019
2019-11-11,"Respiratory",1471,315,2019
2019-11-12,"Respiratory",1389,316,2019
2019-11-13,"Respiratory",1256,317,2019
2019-11-14,"Respiratory",1362,318,2019
2019-11-15,"Respiratory",1210,319,2019
2019-11-16,"Respiratory",1105,320,2019
2019-11-17,"Respiratory",1129,321,2019
2019-11-18,"Respiratory",1568,322,2019
2019-11-19,"Respiratory",1509,323,2019
2019-11-20,"Respiratory",1367,324,2019
2019-11-21,"Respiratory",1373,325,2019
2019-11-22,"Respiratory",1268,326,2019
2019-11-23,"Respiratory",1187,327,2019
2019-11-24,"Respiratory",1320,328,2019
2019-11-25,"Respiratory",1627,329,2019
2019-11-26,"Respiratory",1530,330,2019
2019-11-27,"Respiratory",1321,331,2019
2019-11-28,"Respiratory",1014,332,2019
2019-11-29,"Respiratory",1462,333,2019
2019-11-30,"Respiratory",1459,334,2019
2019-12-01,"Respiratory",1295,335,2019
2019-12-02,"Respiratory",1649,336,2019
2019-12-03,"Respiratory",1626,337,2019
2019-12-04,"Respiratory",1617,338,2019
2019-12-05,"Respiratory",1503,339,2019
2019-12-06,"Respiratory",1429,340,2019
2019-12-07,"Respiratory",1307,341,2019
2019-12-08,"Respiratory",1434,342,2019
2019-12-09,"Respiratory",1854,343,2019
2019-12-10,"Respiratory",1713,344,2019
2019-12-11,"Respiratory",1607,345,2019
2019-12-12,"Respiratory",1579,346,2019
2019-12-13,"Respiratory",1448,347,2019
2019-12-14,"Respiratory",1508,348,2019
2019-12-15,"Respiratory",1576,349,2019
2019-12-16,"Respiratory",1906,350,2019
2019-12-17,"Respiratory",1617,351,2019
2019-12-18,"Respiratory",1590,352,2019
2019-12-19,"Respiratory",1482,353,2019
2019-12-20,"Respiratory",1540,354,2019
2019-12-21,"Respiratory",1539,355,2019
2019-12-22,"Respiratory",1653,356,2019
2019-12-23,"Respiratory",1921,357,2019
2019-12-24,"Respiratory",1677,358,2019
2019-12-25,"Respiratory",1774,359,2019
2019-12-26,"Respiratory",2371,360,2019
2019-12-27,"Respiratory",2335,361,2019
2019-12-28,"Respiratory",2024,362,2019
2019-12-29,"Respiratory",2152,363,2019
2019-12-30,"Respiratory",2224,364,2019
2019-12-31,"Respiratory",1710,365,2019
2020-01-01,"Respiratory",1923,1,2020
2020-01-02,"Respiratory",2311,2,2020
2020-01-03,"Respiratory",2046,3,2020
2020-01-04,"Respiratory",2016,4,2020
2020-01-05,"Respiratory",1776,5,2020
2020-01-06,"Respiratory",2258,6,2020
2020-01-07,"Respiratory",1970,7,2020
2020-01-08,"Respiratory",1859,8,2020
2020-01-09,"Respiratory",1807,9,2020
2020-01-10,"Respiratory",1854,10,2020
2020-01-11,"Respiratory",1701,11,2020
2020-01-12,"Respiratory",1765,12,2020
2020-01-13,"Respiratory",2202,13,2020
2020-01-14,"Respiratory",2090,14,2020
2020-01-15,"Respiratory",2060,15,2020
2020-01-16,"Respiratory",1842,16,2020
2020-01-17,"Respiratory",1596,17,2020
2020-01-18,"Respiratory",1413,18,2020
2020-01-19,"Respiratory",1662,19,2020
2020-01-20,"Respiratory",2031,20,2020
2020-01-21,"Respiratory",2090,21,2020
2020-01-22,"Respiratory",1974,22,2020
2020-01-23,"Respiratory",1948,23,2020
2020-01-24,"Respiratory",1904,24,2020
2020-01-25,"Respiratory",1647,25,2020
2020-01-26,"Respiratory",1933,26,2020
2020-01-27,"Respiratory",2346,27,2020
2020-01-28,"Respiratory",2215,28,2020
2020-01-29,"Respiratory",2060,29,2020
2020-01-30,"Respiratory",1933,30,2020
2020-01-31,"Respiratory",1911,31,2020
2020-02-01,"Respiratory",1725,32,2020
2020-02-02,"Respiratory",1800,33,2020
2020-02-03,"Respiratory",2268,34,2020
2020-02-04,"Respiratory",2113,35,2020
2020-02-05,"Respiratory",1952,36,2020
2020-02-06,"Respiratory",1767,37,2020
2020-02-07,"Respiratory",1712,38,2020
2020-02-08,"Respiratory",1506,39,2020
2020-02-09,"Respiratory",1606,40,2020
2020-02-10,"Respiratory",1925,41,2020
2020-02-11,"Respiratory",1838,42,2020
2020-02-12,"Respiratory",1634,43,2020
2020-02-13,"Respiratory",1524,44,2020
2020-02-14,"Respiratory",1325,45,2020
2020-02-15,"Respiratory",1265,46,2020
2020-02-16,"Respiratory",1326,47,2020
2020-02-17,"Respiratory",1664,48,2020
2020-02-18,"Respiratory",1545,49,2020
2020-02-19,"Respiratory",1418,50,2020
2020-02-20,"Respiratory",1315,51,2020
2020-02-21,"Respiratory",1324,52,2020
2020-02-22,"Respiratory",1188,53,2020
2020-02-23,"Respiratory",1202,54,2020
2020-02-24,"Respiratory",1558,55,2020
2020-02-25,"Respiratory",1491,56,2020
2020-02-26,"Respiratory",1451,57,2020
2020-02-27,"Respiratory",1357,58,2020
2020-02-28,"Respiratory",1307,59,2020
2020-02-29,"Respiratory",1210,60,2020
2020-03-01,"Respiratory",1219,61,2020
2020-03-02,"Respiratory",1735,62,2020
2020-03-03,"Respiratory",1618,63,2020
2020-03-04,"Respiratory",1649,64,2020
2020-03-05,"Respiratory",1674,65,2020
2020-03-06,"Respiratory",1592,66,2020
2020-03-07,"Respiratory",1403,67,2020
2020-03-08,"Respiratory",1352,68,2020
2020-03-09,"Respiratory",2207,69,2020
2020-03-10,"Respiratory",2379,70,2020
2020-03-11,"Respiratory",2437,71,2020
2020-03-12,"Respiratory",3063,72,2020
2020-03-13,"Respiratory",2798,73,2020
2020-03-14,"Respiratory",2220,74,2020
2020-03-15,"Respiratory",2497,75,2020
2020-03-16,"Respiratory",3281,76,2020
2020-03-17,"Respiratory",3192,77,2020
2020-03-18,"Respiratory",3339,78,2020
2020-03-19,"Respiratory",3392,79,2020
2020-03-20,"Respiratory",3673,80,2020
2020-03-21,"Respiratory",2997,81,2020
2020-03-22,"Respiratory",2918,82,2020
2020-03-23,"Respiratory",3704,83,2020
2020-03-24,"Respiratory",3948,84,2020
2020-03-25,"Respiratory",4197,85,2020
2020-03-26,"Respiratory",3946,86,2020
2020-03-27,"Respiratory",3880,87,2020
2020-03-28,"Respiratory",3236,88,2020
2020-03-29,"Respiratory",3560,89,2020
2020-03-30,"Respiratory",4067,90,2020
2020-03-31,"Respiratory",3541,91,2020
2020-04-01,"Respiratory",3318,92,2020
2020-04-02,"Respiratory",2933,93,2020
2020-04-03,"Respiratory",2927,94,2020
2020-04-04,"Respiratory",2466,95,2020
2020-04-05,"Respiratory",2430,96,2020
2020-04-06,"Respiratory",2907,97,2020
2020-04-07,"Respiratory",2592,98,2020
2020-04-08,"Respiratory",2432,99,2020
2020-04-09,"Respiratory",2145,100,2020
2020-04-10,"Respiratory",2011,101,2020
2020-04-11,"Respiratory",1749,102,2020
2020-04-12,"Respiratory",1553,103,2020
2020-04-13,"Respiratory",1765,104,2020
2020-04-14,"Respiratory",1732,105,2020
2020-04-15,"Respiratory",1478,106,2020
2020-04-16,"Respiratory",1306,107,2020
2020-04-17,"Respiratory",1344,108,2020
2020-04-18,"Respiratory",1141,109,2020
2020-04-19,"Respiratory",989,110,2020
2020-04-20,"Respiratory",1232,111,2020
2020-04-21,"Respiratory",1095,112,2020
2020-04-22,"Respiratory",1064,113,2020
2020-04-23,"Respiratory",1015,114,2020
2020-04-24,"Respiratory",984,115,2020
2020-04-25,"Respiratory",834,116,2020
2020-04-26,"Respiratory",744,117,2020
2020-04-27,"Respiratory",969,118,2020
2020-04-28,"Respiratory",854,119,2020
2020-04-29,"Respiratory",786,120,2020
2020-04-30,"Respiratory",688,121,2020
2020-05-01,"Respiratory",820,122,2020
2020-05-02,"Respiratory",656,123,2020
2020-05-03,"Respiratory",600,124,2020
2020-05-04,"Respiratory",807,125,2020
2020-05-05,"Respiratory",727,126,2020
2020-05-06,"Respiratory",740,127,2020
2020-05-07,"Respiratory",682,128,2020
2020-05-08,"Respiratory",657,129,2020
2020-05-09,"Respiratory",550,130,2020
2020-05-10,"Respiratory",516,131,2020
2020-05-11,"Respiratory",673,132,2020
2020-05-12,"Respiratory",622,133,2020
2020-05-13,"Respiratory",621,134,2020
2020-05-14,"Respiratory",648,135,2020
2020-05-15,"Respiratory",635,136,2020
2020-05-16,"Respiratory",460,137,2020
2020-05-17,"Respiratory",482,138,2020
2020-05-18,"Respiratory",629,139,2020
2020-05-19,"Respiratory",565,140,2020
2020-05-20,"Respiratory",556,141,2020
2020-05-21,"Respiratory",576,142,2020
