"Sim","Week","Week_Ending_in_Date","G_w_2020_pred"
1,2,2020-01-11,15700.534329444
1,3,2020-01-18,16694.3200910804
1,4,2020-01-25,16965.6141867281
1,5,2020-02-01,17011.1029497227
1,6,2020-02-08,16274.1154616936
1,7,2020-02-15,14410.2790611777
1,8,2020-02-22,12416.5231006606
1,9,2020-02-29,11604.5640032153
1,10,2020-03-07,11263.9976299519
1,11,2020-03-14,10732.4106356872
1,12,2020-03-21,9762.22534965567
1,13,2020-03-28,9204.77193665536
1,14,2020-04-04,9103.67110129573
1,15,2020-04-11,9086.89447048586
2,2,2020-01-11,13638.0441668753
2,3,2020-01-18,14631.8299285117
2,4,2020-01-25,14903.1240241594
2,5,2020-02-01,14948.612787154
2,6,2020-02-08,14211.6252991249
2,7,2020-02-15,12347.788898609
2,8,2020-02-22,10354.0329380919
2,9,2020-02-29,9542.07384064665
2,10,2020-03-07,9201.50746738316
2,11,2020-03-14,8669.92047311852
2,12,2020-03-21,7699.73518708698
2,13,2020-03-28,7142.28177408667
2,14,2020-04-04,7041.18093872704
2,15,2020-04-11,7024.40430791716
3,2,2020-01-11,14420.3503712773
3,3,2020-01-18,15414.1361329137
3,4,2020-01-25,15685.4302285614
3,5,2020-02-01,15730.9189915561
3,6,2020-02-08,14993.9315035269
3,7,2020-02-15,13130.095103011
3,8,2020-02-22,11136.3391424939
3,9,2020-02-29,10324.3800450487
3,10,2020-03-07,9983.81367178518
3,11,2020-03-14,9452.22667752054
3,12,2020-03-21,8482.041391489
3,13,2020-03-28,7924.58797848869
3,14,2020-04-04,7823.48714312906
3,15,2020-04-11,7806.71051231918
4,2,2020-01-11,14411.9099907275
4,3,2020-01-18,15405.6957523639
4,4,2020-01-25,15676.9898480116
4,5,2020-02-01,15722.4786110062
4,6,2020-02-08,14985.4911229771
4,7,2020-02-15,13121.6547224612
4,8,2020-02-22,11127.8987619441
4,9,2020-02-29,10315.9396644989
4,10,2020-03-07,9975.37329123538
4,11,2020-03-14,9443.78629697074
4,12,2020-03-21,8473.60101093919
4,13,2020-03-28,7916.14759793888
4,14,2020-04-04,7815.04676257925
4,15,2020-04-11,7798.27013176937
5,2,2020-01-11,15033.5239491897
5,3,2020-01-18,16027.3097108261
5,4,2020-01-25,16298.6038064738
5,5,2020-02-01,16344.0925694684
5,6,2020-02-08,15607.1050814393
5,7,2020-02-15,13743.2686809234
5,8,2020-02-22,11749.5127204063
5,9,2020-02-29,10937.553622961
5,10,2020-03-07,10596.9872496976
5,11,2020-03-14,10065.4002554329
5,12,2020-03-21,9095.21496940138
5,13,2020-03-28,8537.76155640107
5,14,2020-04-04,8436.66072104144
5,15,2020-04-11,8419.88409023156
6,2,2020-01-11,14675.139098808
6,3,2020-01-18,15668.9248604443
6,4,2020-01-25,15940.218956092
6,5,2020-02-01,15985.7077190867
6,6,2020-02-08,15248.7202310576
6,7,2020-02-15,13384.8838305416
6,8,2020-02-22,11391.1278700245
6,9,2020-02-29,10579.1687725793
6,10,2020-03-07,10238.6023993158
6,11,2020-03-14,9707.01540505115
6,12,2020-03-21,8736.8301190196
6,13,2020-03-28,8179.37670601929
6,14,2020-04-04,8078.27587065966
6,15,2020-04-11,8061.49923984979
7,2,2020-01-11,13453.5399627594
7,3,2020-01-18,14447.3257243957
7,4,2020-01-25,14718.6198200434
7,5,2020-02-01,14764.1085830381
7,6,2020-02-08,14027.121095009
7,7,2020-02-15,12163.284694493
7,8,2020-02-22,10169.528733976
7,9,2020-02-29,9357.5696365307
7,10,2020-03-07,9017.00326326722
7,11,2020-03-14,8485.41626900258
7,12,2020-03-21,7515.23098297103
7,13,2020-03-28,6957.77756997073
7,14,2020-04-04,6856.67673461109
7,15,2020-04-11,6839.90010380122
8,2,2020-01-11,14771.3180267371
8,3,2020-01-18,15765.1037883735
8,4,2020-01-25,16036.3978840212
8,5,2020-02-01,16081.8866470158
8,6,2020-02-08,15344.8991589867
8,7,2020-02-15,13481.0627584708
8,8,2020-02-22,11487.3067979537
8,9,2020-02-29,10675.3477005085
8,10,2020-03-07,10334.781327245
8,11,2020-03-14,9803.19433298033
8,12,2020-03-21,8833.00904694878
8,13,2020-03-28,8275.55563394847
8,14,2020-04-04,8174.45479858884
8,15,2020-04-11,8157.67816777897
9,2,2020-01-11,14007.8848987091
9,3,2020-01-18,15001.6706603455
9,4,2020-01-25,15272.9647559931
9,5,2020-02-01,15318.4535189878
9,6,2020-02-08,14581.4660309587
9,7,2020-02-15,12717.6296304427
9,8,2020-02-22,10723.8736699257
9,9,2020-02-29,9911.91457248042
9,10,2020-03-07,9571.34819921693
9,11,2020-03-14,9039.76120495229
9,12,2020-03-21,8069.57591892074
9,13,2020-03-28,7512.12250592044
9,14,2020-04-04,7411.0216705608
9,15,2020-04-11,7394.24503975093
10,2,2020-01-11,14478.4531768967
10,3,2020-01-18,15472.238938533
10,4,2020-01-25,15743.5330341807
10,5,2020-02-01,15789.0217971754
10,6,2020-02-08,15052.0343091463
10,7,2020-02-15,13188.1979086303
10,8,2020-02-22,11194.4419481132
10,9,2020-02-29,10382.482850668
10,10,2020-03-07,10041.9164774045
10,11,2020-03-14,9510.32948313986
10,12,2020-03-21,8540.14419710831
10,13,2020-03-28,7982.69078410801
10,14,2020-04-04,7881.58994874837
10,15,2020-04-11,7864.8133179385
11,2,2020-01-11,13874.6481782196
11,3,2020-01-18,14868.433939856
11,4,2020-01-25,15139.7280355037
11,5,2020-02-01,15185.2167984983
11,6,2020-02-08,14448.2293104692
11,7,2020-02-15,12584.3929099533
11,8,2020-02-22,10590.6369494362
11,9,2020-02-29,9778.67785199097
11,10,2020-03-07,9438.11147872748
11,11,2020-03-14,8906.52448446284
11,12,2020-03-21,7936.33919843129
11,13,2020-03-28,7378.88578543099
11,14,2020-04-04,7277.78495007135
11,15,2020-04-11,7261.00831926148
12,2,2020-01-11,14249.190895742
12,3,2020-01-18,15242.9766573784
12,4,2020-01-25,15514.2707530261
12,5,2020-02-01,15559.7595160207
12,6,2020-02-08,14822.7720279916
12,7,2020-02-15,12958.9356274757
12,8,2020-02-22,10965.1796669586
12,9,2020-02-29,10153.2205695133
12,10,2020-03-07,9812.65419624986
12,11,2020-03-14,9281.06720198522
12,12,2020-03-21,8310.88191595367
12,13,2020-03-28,7753.42850295336
12,14,2020-04-04,7652.32766759373
12,15,2020-04-11,7635.55103678386
13,2,2020-01-11,13383.8980884429
13,3,2020-01-18,14377.6838500793
13,4,2020-01-25,14648.977945727
13,5,2020-02-01,14694.4667087216
13,6,2020-02-08,13957.4792206925
13,7,2020-02-15,12093.6428201766
13,8,2020-02-22,10099.8868596595
13,9,2020-02-29,9287.92776221423
13,10,2020-03-07,8947.36138895074
13,11,2020-03-14,8415.7743946861
13,12,2020-03-21,7445.58910865456
13,13,2020-03-28,6888.13569565425
13,14,2020-04-04,6787.03486029462
13,15,2020-04-11,6770.25822948474
14,2,2020-01-11,14164.7168558954
14,3,2020-01-18,15158.5026175318
14,4,2020-01-25,15429.7967131795
14,5,2020-02-01,15475.2854761741
14,6,2020-02-08,14738.297988145
14,7,2020-02-15,12874.4615876291
14,8,2020-02-22,10880.705627112
14,9,2020-02-29,10068.7465296667
14,10,2020-03-07,9728.18015640326
14,11,2020-03-14,9196.59316213862
14,12,2020-03-21,8226.40787610708
14,13,2020-03-28,7668.95446310677
14,14,2020-04-04,7567.85362774714
14,15,2020-04-11,7551.07699693726
15,2,2020-01-11,13649.6960199371
15,3,2020-01-18,14643.4817815735
15,4,2020-01-25,14914.7758772212
15,5,2020-02-01,14960.2646402158
15,6,2020-02-08,14223.2771521867
15,7,2020-02-15,12359.4407516708
15,8,2020-02-22,10365.6847911537
15,9,2020-02-29,9553.72569370845
15,10,2020-03-07,9213.15932044497
15,11,2020-03-14,8681.57232618033
15,12,2020-03-21,7711.38704014878
15,13,2020-03-28,7153.93362714847
15,14,2020-04-04,7052.83279178884
15,15,2020-04-11,7036.05616097897
16,2,2020-01-11,16652.6508994691
16,3,2020-01-18,17646.4366611054
16,4,2020-01-25,17917.7307567531
16,5,2020-02-01,17963.2195197478
16,6,2020-02-08,17226.2320317187
16,7,2020-02-15,15362.3956312027
16,8,2020-02-22,13368.6396706857
16,9,2020-02-29,12556.6805732404
16,10,2020-03-07,12216.1141999769
16,11,2020-03-14,11684.5272057123
16,12,2020-03-21,10714.3419196807
16,13,2020-03-28,10156.8885066804
16,14,2020-04-04,10055.7876713208
16,15,2020-04-11,10039.0110405109
17,2,2020-01-11,14797.8767906038
17,3,2020-01-18,15791.6625522401
17,4,2020-01-25,16062.9566478878
17,5,2020-02-01,16108.4454108825
17,6,2020-02-08,15371.4579228534
17,7,2020-02-15,13507.6215223374
17,8,2020-02-22,11513.8655618203
17,9,2020-02-29,10701.9064643751
17,10,2020-03-07,10361.3400911116
17,11,2020-03-14,9829.75309684695
17,12,2020-03-21,8859.5678108154
17,13,2020-03-28,8302.11439781509
17,14,2020-04-04,8201.01356245546
17,15,2020-04-11,8184.23693164559
18,2,2020-01-11,13129.297583787
18,3,2020-01-18,14123.0833454234
18,4,2020-01-25,14394.3774410711
18,5,2020-02-01,14439.8662040657
18,6,2020-02-08,13702.8787160366
18,7,2020-02-15,11839.0423155207
18,8,2020-02-22,9845.28635500362
18,9,2020-02-29,9033.32725755836
18,10,2020-03-07,8692.76088429487
18,11,2020-03-14,8161.17389003023
18,12,2020-03-21,7190.98860399868
18,13,2020-03-28,6633.53519099838
18,14,2020-04-04,6532.43435563874
18,15,2020-04-11,6515.65772482887
19,2,2020-01-11,13793.9665948478
19,3,2020-01-18,14787.7523564841
19,4,2020-01-25,15059.0464521318
19,5,2020-02-01,15104.5352151265
19,6,2020-02-08,14367.5477270974
19,7,2020-02-15,12503.7113265814
19,8,2020-02-22,10509.9553660644
19,9,2020-02-29,9697.99626861909
19,10,2020-03-07,9357.4298953556
19,11,2020-03-14,8825.84290109097
19,12,2020-03-21,7855.65761505942
19,13,2020-03-28,7298.20420205911
19,14,2020-04-04,7197.10336669948
19,15,2020-04-11,7180.3267358896
20,2,2020-01-11,14662.5711754589
20,3,2020-01-18,15656.3569370952
20,4,2020-01-25,15927.6510327429
20,5,2020-02-01,15973.1397957376
20,6,2020-02-08,15236.1523077085
20,7,2020-02-15,13372.3159071925
20,8,2020-02-22,11378.5599466755
20,9,2020-02-29,10566.6008492302
20,10,2020-03-07,10226.0344759667
20,11,2020-03-14,9694.44748170206
20,12,2020-03-21,8724.26219567052
20,13,2020-03-28,8166.80878267021
20,14,2020-04-04,8065.70794731058
20,15,2020-04-11,8048.9313165007
21,2,2020-01-11,14484.6796702004
21,3,2020-01-18,15478.4654318368
21,4,2020-01-25,15749.7595274845
21,5,2020-02-01,15795.2482904791
21,6,2020-02-08,15058.26080245
21,7,2020-02-15,13194.4244019341
21,8,2020-02-22,11200.668441417
21,9,2020-02-29,10388.7093439717
21,10,2020-03-07,10048.1429707082
21,11,2020-03-14,9516.5559764436
21,12,2020-03-21,8546.37069041206
21,13,2020-03-28,7988.91727741175
21,14,2020-04-04,7887.81644205211
21,15,2020-04-11,7871.03981124224
22,2,2020-01-11,14231.6169084564
22,3,2020-01-18,15225.4026700928
22,4,2020-01-25,15496.6967657405
22,5,2020-02-01,15542.1855287352
22,6,2020-02-08,14805.1980407061
22,7,2020-02-15,12941.3616401901
22,8,2020-02-22,10947.605679673
22,9,2020-02-29,10135.6465822278
22,10,2020-03-07,9795.08020896429
22,11,2020-03-14,9263.49321469965
22,12,2020-03-21,8293.3079286681
22,13,2020-03-28,7735.85451566779
22,14,2020-04-04,7634.75368030816
22,15,2020-04-11,7617.97704949828
23,2,2020-01-11,13587.9710700846
23,3,2020-01-18,14581.756831721
23,4,2020-01-25,14853.0509273687
23,5,2020-02-01,14898.5396903633
23,6,2020-02-08,14161.5522023342
23,7,2020-02-15,12297.7158018183
23,8,2020-02-22,10303.9598413012
23,9,2020-02-29,9492.00074385596
23,10,2020-03-07,9151.43437059248
23,11,2020-03-14,8619.84737632784
23,12,2020-03-21,7649.66209029629
23,13,2020-03-28,7092.20867729598
23,14,2020-04-04,6991.10784193635
23,15,2020-04-11,6974.33121112648
24,2,2020-01-11,15629.795258609
24,3,2020-01-18,16623.5810202454
24,4,2020-01-25,16894.8751158931
24,5,2020-02-01,16940.3638788877
24,6,2020-02-08,16203.3763908586
24,7,2020-02-15,14339.5399903427
24,8,2020-02-22,12345.7840298256
24,9,2020-02-29,11533.8249323804
24,10,2020-03-07,11193.2585591169
24,11,2020-03-14,10661.6715648522
24,12,2020-03-21,9691.48627882069
24,13,2020-03-28,9134.03286582039
24,14,2020-04-04,9032.93203046075
24,15,2020-04-11,9016.15539965088
25,2,2020-01-11,15034.2806491581
25,3,2020-01-18,16028.0664107944
25,4,2020-01-25,16299.3605064421
25,5,2020-02-01,16344.8492694368
25,6,2020-02-08,15607.8617814077
25,7,2020-02-15,13744.0253808917
25,8,2020-02-22,11750.2694203747
25,9,2020-02-29,10938.3103229294
25,10,2020-03-07,10597.7439496659
25,11,2020-03-14,10066.1569554013
25,12,2020-03-21,9095.97166936972
25,13,2020-03-28,8538.51825636941
25,14,2020-04-04,8437.41742100978
25,15,2020-04-11,8420.6407901999
26,2,2020-01-11,14540.6825841871
26,3,2020-01-18,15534.4683458235
26,4,2020-01-25,15805.7624414712
26,5,2020-02-01,15851.2512044658
26,6,2020-02-08,15114.2637164367
26,7,2020-02-15,13250.4273159208
26,8,2020-02-22,11256.6713554037
26,9,2020-02-29,10444.7122579585
26,10,2020-03-07,10104.145884695
26,11,2020-03-14,9572.55889043034
26,12,2020-03-21,8602.37360439879
26,13,2020-03-28,8044.92019139848
26,14,2020-04-04,7943.81935603885
26,15,2020-04-11,7927.04272522897
27,2,2020-01-11,12955.5253585783
27,3,2020-01-18,13949.3111202147
27,4,2020-01-25,14220.6052158624
27,5,2020-02-01,14266.093978857
27,6,2020-02-08,13529.1064908279
27,7,2020-02-15,11665.2700903119
27,8,2020-02-22,9671.51412979489
27,9,2020-02-29,8859.55503234962
27,10,2020-03-07,8518.98865908614
27,11,2020-03-14,7987.4016648215
27,12,2020-03-21,7017.21637878995
27,13,2020-03-28,6459.76296578964
27,14,2020-04-04,6358.66213043001
27,15,2020-04-11,6341.88549962014
28,2,2020-01-11,13714.8582707471
28,3,2020-01-18,14708.6440323835
28,4,2020-01-25,14979.9381280312
28,5,2020-02-01,15025.4268910258
28,6,2020-02-08,14288.4394029967
28,7,2020-02-15,12424.6030024808
28,8,2020-02-22,10430.8470419637
28,9,2020-02-29,9618.88794451844
28,10,2020-03-07,9278.32157125495
28,11,2020-03-14,8746.73457699031
28,12,2020-03-21,7776.54929095877
28,13,2020-03-28,7219.09587795846
28,14,2020-04-04,7117.99504259883
28,15,2020-04-11,7101.21841178895
29,2,2020-01-11,15184.3248958913
29,3,2020-01-18,16178.1106575276
29,4,2020-01-25,16449.4047531753
29,5,2020-02-01,16494.89351617
29,6,2020-02-08,15757.9060281409
29,7,2020-02-15,13894.0696276249
29,8,2020-02-22,11900.3136671079
29,9,2020-02-29,11088.3545696626
29,10,2020-03-07,10747.7881963991
29,11,2020-03-14,10216.2012021345
29,12,2020-03-21,9246.01591610292
29,13,2020-03-28,8688.56250310261
29,14,2020-04-04,8587.46166774298
29,15,2020-04-11,8570.6850369331
30,2,2020-01-11,13532.0717014325
30,3,2020-01-18,14525.8574630688
30,4,2020-01-25,14797.1515587165
30,5,2020-02-01,14842.6403217112
30,6,2020-02-08,14105.6528336821
30,7,2020-02-15,12241.8164331661
30,8,2020-02-22,10248.060472649
30,9,2020-02-29,9436.10137520378
30,10,2020-03-07,9095.53500194029
30,11,2020-03-14,8563.94800767566
30,12,2020-03-21,7593.76272164411
30,13,2020-03-28,7036.3093086438
30,14,2020-04-04,6935.20847328417
30,15,2020-04-11,6918.43184247429
31,2,2020-01-11,14513.6908128317
31,3,2020-01-18,15507.4765744681
31,4,2020-01-25,15778.7706701158
31,5,2020-02-01,15824.2594331104
31,6,2020-02-08,15087.2719450813
31,7,2020-02-15,13223.4355445654
31,8,2020-02-22,11229.6795840483
31,9,2020-02-29,10417.720486603
31,10,2020-03-07,10077.1541133396
31,11,2020-03-14,9545.56711907492
31,12,2020-03-21,8575.38183304337
31,13,2020-03-28,8017.92842004307
31,14,2020-04-04,7916.82758468343
31,15,2020-04-11,7900.05095387356
32,2,2020-01-11,14334.9890658668
32,3,2020-01-18,15328.7748275032
32,4,2020-01-25,15600.0689231509
32,5,2020-02-01,15645.5576861455
32,6,2020-02-08,14908.5701981164
32,7,2020-02-15,13044.7337976004
32,8,2020-02-22,11050.9778370834
32,9,2020-02-29,10239.0187396381
32,10,2020-03-07,9898.45236637463
32,11,2020-03-14,9366.86537210999
32,12,2020-03-21,8396.68008607845
32,13,2020-03-28,7839.22667307814
32,14,2020-04-04,7738.12583771851
32,15,2020-04-11,7721.34920690863
33,2,2020-01-11,14839.3062072521
33,3,2020-01-18,15833.0919688884
33,4,2020-01-25,16104.3860645361
33,5,2020-02-01,16149.8748275308
33,6,2020-02-08,15412.8873395017
33,7,2020-02-15,13549.0509389857
33,8,2020-02-22,11555.2949784686
33,9,2020-02-29,10743.3358810234
33,10,2020-03-07,10402.7695077599
33,11,2020-03-14,9871.18251349525
33,12,2020-03-21,8900.9972274637
33,13,2020-03-28,8343.54381446339
33,14,2020-04-04,8242.44297910376
33,15,2020-04-11,8225.66634829389
34,2,2020-01-11,14211.4251044546
34,3,2020-01-18,15205.210866091
34,4,2020-01-25,15476.5049617387
34,5,2020-02-01,15521.9937247333
34,6,2020-02-08,14785.0062367042
34,7,2020-02-15,12921.1698361882
34,8,2020-02-22,10927.4138756712
34,9,2020-02-29,10115.4547782259
34,10,2020-03-07,9774.88840496244
34,11,2020-03-14,9243.3014106978
34,12,2020-03-21,8273.11612466625
34,13,2020-03-28,7715.66271166594
34,14,2020-04-04,7614.56187630631
34,15,2020-04-11,7597.78524549643
35,2,2020-01-11,15988.7511800084
35,3,2020-01-18,16982.5369416447
35,4,2020-01-25,17253.8310372924
35,5,2020-02-01,17299.3198002871
35,6,2020-02-08,16562.332312258
35,7,2020-02-15,14698.495911742
35,8,2020-02-22,12704.739951225
35,9,2020-02-29,11892.7808537797
35,10,2020-03-07,11552.2144805162
35,11,2020-03-14,11020.6274862516
35,12,2020-03-21,10050.44220022
35,13,2020-03-28,9492.98878721972
35,14,2020-04-04,9391.88795186009
35,15,2020-04-11,9375.11132105022
36,2,2020-01-11,14732.6136517657
36,3,2020-01-18,15726.399413402
36,4,2020-01-25,15997.6935090497
36,5,2020-02-01,16043.1822720444
36,6,2020-02-08,15306.1947840153
36,7,2020-02-15,13442.3583834993
36,8,2020-02-22,11448.6024229822
36,9,2020-02-29,10636.643325537
36,10,2020-03-07,10296.0769522735
36,11,2020-03-14,9764.48995800885
36,12,2020-03-21,8794.3046719773
36,13,2020-03-28,8236.851258977
36,14,2020-04-04,8135.75042361736
36,15,2020-04-11,8118.97379280749
37,2,2020-01-11,14774.0523313976
37,3,2020-01-18,15767.838093034
37,4,2020-01-25,16039.1321886817
37,5,2020-02-01,16084.6209516763
37,6,2020-02-08,15347.6334636472
37,7,2020-02-15,13483.7970631313
37,8,2020-02-22,11490.0411026142
37,9,2020-02-29,10678.0820051689
37,10,2020-03-07,10337.5156319055
37,11,2020-03-14,9805.92863764081
37,12,2020-03-21,8835.74335160926
37,13,2020-03-28,8278.28993860896
37,14,2020-04-04,8177.18910324932
37,15,2020-04-11,8160.41247243945
38,2,2020-01-11,15531.8482732159
38,3,2020-01-18,16525.6340348523
38,4,2020-01-25,16796.9281305
38,5,2020-02-01,16842.4168934946
38,6,2020-02-08,16105.4294054655
38,7,2020-02-15,14241.5930049495
38,8,2020-02-22,12247.8370444325
38,9,2020-02-29,11435.8779469872
38,10,2020-03-07,11095.3115737237
38,11,2020-03-14,10563.7245794591
38,12,2020-03-21,9593.53929342755
38,13,2020-03-28,9036.08588042724
38,14,2020-04-04,8934.98504506761
38,15,2020-04-11,8918.20841425774
39,2,2020-01-11,14977.9754542859
39,3,2020-01-18,15971.7612159222
39,4,2020-01-25,16243.0553115699
39,5,2020-02-01,16288.5440745646
39,6,2020-02-08,15551.5565865355
39,7,2020-02-15,13687.7201860195
39,8,2020-02-22,11693.9642255025
39,9,2020-02-29,10882.0051280572
39,10,2020-03-07,10541.4387547937
39,11,2020-03-14,10009.8517605291
39,12,2020-03-21,9039.66647449753
39,13,2020-03-28,8482.21306149723
39,14,2020-04-04,8381.11222613759
39,15,2020-04-11,8364.33559532772
40,2,2020-01-11,13955.3482169224
40,3,2020-01-18,14949.1339785588
40,4,2020-01-25,15220.4280742065
40,5,2020-02-01,15265.9168372011
40,6,2020-02-08,14528.929349172
40,7,2020-02-15,12665.0929486561
40,8,2020-02-22,10671.336988139
40,9,2020-02-29,9859.37789069375
40,10,2020-03-07,9518.81151743026
40,11,2020-03-14,8987.22452316562
40,12,2020-03-21,8017.03923713407
40,13,2020-03-28,7459.58582413377
40,14,2020-04-04,7358.48498877413
40,15,2020-04-11,7341.70835796426
41,2,2020-01-11,14696.9706719435
41,3,2020-01-18,15690.7564335799
41,4,2020-01-25,15962.0505292275
41,5,2020-02-01,16007.5392922222
41,6,2020-02-08,15270.5518041931
41,7,2020-02-15,13406.7154036771
41,8,2020-02-22,11412.9594431601
41,9,2020-02-29,10601.0003457148
41,10,2020-03-07,10260.4339724513
41,11,2020-03-14,9728.84697818669
41,12,2020-03-21,8758.66169215514
41,13,2020-03-28,8201.20827915483
41,14,2020-04-04,8100.1074437952
41,15,2020-04-11,8083.33081298533
42,2,2020-01-11,14293.0500011433
42,3,2020-01-18,15286.8357627797
42,4,2020-01-25,15558.1298584274
42,5,2020-02-01,15603.618621422
42,6,2020-02-08,14866.6311333929
42,7,2020-02-15,13002.794732877
42,8,2020-02-22,11009.0387723599
42,9,2020-02-29,10197.0796749146
42,10,2020-03-07,9856.51330165114
42,11,2020-03-14,9324.9263073865
42,12,2020-03-21,8354.74102135496
42,13,2020-03-28,7797.28760835465
42,14,2020-04-04,7696.18677299502
42,15,2020-04-11,7679.41014218514
43,2,2020-01-11,14820.7535285971
43,3,2020-01-18,15814.5392902334
43,4,2020-01-25,16085.8333858811
43,5,2020-02-01,16131.3221488758
43,6,2020-02-08,15394.3346608467
43,7,2020-02-15,13530.4982603307
43,8,2020-02-22,11536.7422998137
43,9,2020-02-29,10724.7832023684
43,10,2020-03-07,10384.2168291049
43,11,2020-03-14,9852.62983484027
43,12,2020-03-21,8882.44454880872
43,13,2020-03-28,8324.99113580841
43,14,2020-04-04,8223.89030044878
43,15,2020-04-11,8207.11366963891
44,2,2020-01-11,14747.4765736809
44,3,2020-01-18,15741.2623353173
44,4,2020-01-25,16012.556430965
44,5,2020-02-01,16058.0451939596
44,6,2020-02-08,15321.0577059305
44,7,2020-02-15,13457.2213054146
44,8,2020-02-22,11463.4653448975
44,9,2020-02-29,10651.5062474523
44,10,2020-03-07,10310.9398741888
44,11,2020-03-14,9779.35287992413
44,12,2020-03-21,8809.16759389259
44,13,2020-03-28,8251.71418089228
44,14,2020-04-04,8150.61334553265
44,15,2020-04-11,8133.83671472277
45,2,2020-01-11,13612.9856087425
45,3,2020-01-18,14606.7713703789
45,4,2020-01-25,14878.0654660266
45,5,2020-02-01,14923.5542290212
45,6,2020-02-08,14186.5667409921
45,7,2020-02-15,12322.7303404762
45,8,2020-02-22,10328.9743799591
45,9,2020-02-29,9517.01528251385
45,10,2020-03-07,9176.44890925036
45,11,2020-03-14,8644.86191498572
45,12,2020-03-21,7674.67662895418
45,13,2020-03-28,7117.22321595387
45,14,2020-04-04,7016.12238059424
45,15,2020-04-11,6999.34574978436
46,2,2020-01-11,14752.4327666992
46,3,2020-01-18,15746.2185283355
46,4,2020-01-25,16017.5126239832
46,5,2020-02-01,16063.0013869779
46,6,2020-02-08,15326.0138989488
46,7,2020-02-15,13462.1774984328
46,8,2020-02-22,11468.4215379158
46,9,2020-02-29,10656.4624404705
46,10,2020-03-07,10315.896067207
46,11,2020-03-14,9784.30907294237
46,12,2020-03-21,8814.12378691082
46,13,2020-03-28,8256.67037391051
46,14,2020-04-04,8155.56953855088
46,15,2020-04-11,8138.792907741
47,2,2020-01-11,13052.641806233
47,3,2020-01-18,14046.4275678694
47,4,2020-01-25,14317.7216635171
47,5,2020-02-01,14363.2104265117
47,6,2020-02-08,13626.2229384826
47,7,2020-02-15,11762.3865379667
47,8,2020-02-22,9768.63057744962
47,9,2020-02-29,8956.67148000436
47,10,2020-03-07,8616.10510674087
47,11,2020-03-14,8084.51811247623
47,12,2020-03-21,7114.33282644469
47,13,2020-03-28,6556.87941344438
47,14,2020-04-04,6455.77857808475
47,15,2020-04-11,6439.00194727487
48,2,2020-01-11,14483.0498502337
48,3,2020-01-18,15476.83561187
48,4,2020-01-25,15748.1297075177
48,5,2020-02-01,15793.6184705124
48,6,2020-02-08,15056.6309824833
48,7,2020-02-15,13192.7945819673
48,8,2020-02-22,11199.0386214503
48,9,2020-02-29,10387.079524005
48,10,2020-03-07,10046.5131507415
48,11,2020-03-14,9514.92615647686
48,12,2020-03-21,8544.74087044532
48,13,2020-03-28,7987.28745744501
48,14,2020-04-04,7886.18662208538
48,15,2020-04-11,7869.4099912755
49,2,2020-01-11,14244.8568575136
49,3,2020-01-18,15238.6426191499
49,4,2020-01-25,15509.9367147976
49,5,2020-02-01,15555.4254777923
49,6,2020-02-08,14818.4379897632
49,7,2020-02-15,12954.6015892472
49,8,2020-02-22,10960.8456287302
49,9,2020-02-29,10148.8865312849
49,10,2020-03-07,9808.32015802142
49,11,2020-03-14,9276.73316375678
49,12,2020-03-21,8306.54787772523
49,13,2020-03-28,7749.09446472493
49,14,2020-04-04,7647.99362936529
49,15,2020-04-11,7631.21699855542
50,2,2020-01-11,14361.1065191871
50,3,2020-01-18,15354.8922808235
50,4,2020-01-25,15626.1863764711
50,5,2020-02-01,15671.6751394658
50,6,2020-02-08,14934.6876514367
50,7,2020-02-15,13070.8512509207
50,8,2020-02-22,11077.0952904037
50,9,2020-02-29,10265.1361929584
50,10,2020-03-07,9924.56981969493
50,11,2020-03-14,9392.98282543029
50,12,2020-03-21,8422.79753939874
50,13,2020-03-28,7865.34412639844
50,14,2020-04-04,7764.2432910388
50,15,2020-04-11,7747.46666022893
51,2,2020-01-11,15613.5163007051
51,3,2020-01-18,16607.3020623414
51,4,2020-01-25,16878.5961579891
51,5,2020-02-01,16924.0849209838
51,6,2020-02-08,16187.0974329547
51,7,2020-02-15,14323.2610324387
51,8,2020-02-22,12329.5050719217
51,9,2020-02-29,11517.5459744764
51,10,2020-03-07,11176.9796012129
51,11,2020-03-14,10645.3926069483
51,12,2020-03-21,9675.20732091673
51,13,2020-03-28,9117.75390791643
51,14,2020-04-04,9016.65307255679
51,15,2020-04-11,8999.87644174692
52,2,2020-01-11,14190.6681732604
52,3,2020-01-18,15184.4539348968
52,4,2020-01-25,15455.7480305445
52,5,2020-02-01,15501.2367935391
52,6,2020-02-08,14764.24930551
52,7,2020-02-15,12900.4129049941
52,8,2020-02-22,10906.656944477
52,9,2020-02-29,10094.6978470318
52,10,2020-03-07,9754.13147376828
52,11,2020-03-14,9222.54447950364
52,12,2020-03-21,8252.35919347209
52,13,2020-03-28,7694.90578047179
52,14,2020-04-04,7593.80494511215
52,15,2020-04-11,7577.02831430228
53,2,2020-01-11,13253.6752108382
53,3,2020-01-18,14247.4609724746
53,4,2020-01-25,14518.7550681223
53,5,2020-02-01,14564.2438311169
53,6,2020-02-08,13827.2563430878
53,7,2020-02-15,11963.4199425719
53,8,2020-02-22,9969.6639820548
53,9,2020-02-29,9157.70488460953
53,10,2020-03-07,8817.13851134605
53,11,2020-03-14,8285.55151708141
53,12,2020-03-21,7315.36623104986
53,13,2020-03-28,6757.91281804955
53,14,2020-04-04,6656.81198268992
53,15,2020-04-11,6640.03535188005
54,2,2020-01-11,15530.2760732006
54,3,2020-01-18,16524.0618348369
54,4,2020-01-25,16795.3559304846
54,5,2020-02-01,16840.8446934793
54,6,2020-02-08,16103.8572054502
54,7,2020-02-15,14240.0208049342
54,8,2020-02-22,12246.2648444172
54,9,2020-02-29,11434.3057469719
54,10,2020-03-07,11093.7393737084
54,11,2020-03-14,10562.1523794438
54,12,2020-03-21,9591.96709341223
54,13,2020-03-28,9034.51368041192
54,14,2020-04-04,8933.41284505229
54,15,2020-04-11,8916.63621424242
55,2,2020-01-11,15591.5295041335
55,3,2020-01-18,16585.3152657699
55,4,2020-01-25,16856.6093614176
55,5,2020-02-01,16902.0981244122
55,6,2020-02-08,16165.1106363831
55,7,2020-02-15,14301.2742358672
55,8,2020-02-22,12307.5182753501
55,9,2020-02-29,11495.5591779049
55,10,2020-03-07,11154.9928046414
55,11,2020-03-14,10623.4058103767
55,12,2020-03-21,9653.22052434519
55,13,2020-03-28,9095.76711134489
55,14,2020-04-04,8994.66627598525
55,15,2020-04-11,8977.88964517538
56,2,2020-01-11,14723.4771278642
56,3,2020-01-18,15717.2628895006
56,4,2020-01-25,15988.5569851483
56,5,2020-02-01,16034.045748143
56,6,2020-02-08,15297.0582601139
56,7,2020-02-15,13433.2218595979
56,8,2020-02-22,11439.4658990808
56,9,2020-02-29,10627.5068016356
56,10,2020-03-07,10286.9404283721
56,11,2020-03-14,9755.35343410745
56,12,2020-03-21,8785.1681480759
56,13,2020-03-28,8227.71473507559
56,14,2020-04-04,8126.61389971596
56,15,2020-04-11,8109.83726890608
57,2,2020-01-11,15290.8058888611
57,3,2020-01-18,16284.5916504974
57,4,2020-01-25,16555.8857461451
57,5,2020-02-01,16601.3745091398
57,6,2020-02-08,15864.3870211107
57,7,2020-02-15,14000.5506205947
57,8,2020-02-22,12006.7946600777
57,9,2020-02-29,11194.8355626324
57,10,2020-03-07,10854.2691893689
57,11,2020-03-14,10322.6821951043
57,12,2020-03-21,9352.49690907273
57,13,2020-03-28,8795.04349607242
57,14,2020-04-04,8693.94266071279
57,15,2020-04-11,8677.16602990291
58,2,2020-01-11,13796.1498740508
58,3,2020-01-18,14789.9356356872
58,4,2020-01-25,15061.2297313348
58,5,2020-02-01,15106.7184943295
58,6,2020-02-08,14369.7310063004
58,7,2020-02-15,12505.8946057844
58,8,2020-02-22,10512.1386452674
58,9,2020-02-29,9700.17954782211
58,10,2020-03-07,9359.61317455863
58,11,2020-03-14,8828.02618029399
58,12,2020-03-21,7857.84089426244
58,13,2020-03-28,7300.38748126213
58,14,2020-04-04,7199.2866459025
58,15,2020-04-11,7182.51001509262
59,2,2020-01-11,14968.8811261555
59,3,2020-01-18,15962.6668877919
59,4,2020-01-25,16233.9609834396
59,5,2020-02-01,16279.4497464342
59,6,2020-02-08,15542.4622584051
59,7,2020-02-15,13678.6258578892
59,8,2020-02-22,11684.8698973721
59,9,2020-02-29,10872.9107999268
59,10,2020-03-07,10532.3444266633
59,11,2020-03-14,10000.7574323987
59,12,2020-03-21,9030.57214636715
59,13,2020-03-28,8473.11873336685
59,14,2020-04-04,8372.01789800721
59,15,2020-04-11,8355.24126719734
60,2,2020-01-11,14044.3353762518
60,3,2020-01-18,15038.1211378881
60,4,2020-01-25,15309.4152335358
60,5,2020-02-01,15354.9039965305
60,6,2020-02-08,14617.9165085014
60,7,2020-02-15,12754.0801079854
60,8,2020-02-22,10760.3241474684
60,9,2020-02-29,9948.3650500231
60,10,2020-03-07,9607.79867675961
60,11,2020-03-14,9076.21168249498
60,12,2020-03-21,8106.02639646343
60,13,2020-03-28,7548.57298346312
60,14,2020-04-04,7447.47214810349
60,15,2020-04-11,7430.69551729361
61,2,2020-01-11,13638.0263230603
61,3,2020-01-18,14631.8120846966
61,4,2020-01-25,14903.1061803443
61,5,2020-02-01,14948.594943339
61,6,2020-02-08,14211.6074553099
61,7,2020-02-15,12347.7710547939
61,8,2020-02-22,10354.0150942768
61,9,2020-02-29,9542.05599683158
61,10,2020-03-07,9201.4896235681
61,11,2020-03-14,8669.90262930346
61,12,2020-03-21,7699.71734327191
61,13,2020-03-28,7142.2639302716
61,14,2020-04-04,7041.16309491197
61,15,2020-04-11,7024.38646410209
62,2,2020-01-11,13997.4524350094
62,3,2020-01-18,14991.2381966458
62,4,2020-01-25,15262.5322922934
62,5,2020-02-01,15308.0210552881
62,6,2020-02-08,14571.033567259
62,7,2020-02-15,12707.197166743
62,8,2020-02-22,10713.441206226
62,9,2020-02-29,9901.48210878071
62,10,2020-03-07,9560.91573551723
62,11,2020-03-14,9029.32874125259
62,12,2020-03-21,8059.14345522104
62,13,2020-03-28,7501.69004222074
62,14,2020-04-04,7400.5892068611
62,15,2020-04-11,7383.81257605123
63,2,2020-01-11,14204.9491314552
63,3,2020-01-18,15198.7348930916
63,4,2020-01-25,15470.0289887393
63,5,2020-02-01,15515.5177517339
63,6,2020-02-08,14778.5302637048
63,7,2020-02-15,12914.6938631889
63,8,2020-02-22,10920.9379026718
63,9,2020-02-29,10108.9788052266
63,10,2020-03-07,9768.41243196307
63,11,2020-03-14,9236.82543769844
63,12,2020-03-21,8266.64015166689
63,13,2020-03-28,7709.18673866658
63,14,2020-04-04,7608.08590330695
63,15,2020-04-11,7591.30927249707
64,2,2020-01-11,14372.3746978847
64,3,2020-01-18,15366.1604595211
64,4,2020-01-25,15637.4545551688
64,5,2020-02-01,15682.9433181634
64,6,2020-02-08,14945.9558301343
64,7,2020-02-15,13082.1194296184
64,8,2020-02-22,11088.3634691013
64,9,2020-02-29,10276.404371656
64,10,2020-03-07,9935.83799839255
64,11,2020-03-14,9404.25100412791
64,12,2020-03-21,8434.06571809636
64,13,2020-03-28,7876.61230509606
64,14,2020-04-04,7775.51146973642
64,15,2020-04-11,7758.73483892655
65,2,2020-01-11,15116.4809104511
65,3,2020-01-18,16110.2666720875
65,4,2020-01-25,16381.5607677351
65,5,2020-02-01,16427.0495307298
65,6,2020-02-08,15690.0620427007
65,7,2020-02-15,13826.2256421847
65,8,2020-02-22,11832.4696816677
65,9,2020-02-29,11020.5105842224
65,10,2020-03-07,10679.9442109589
65,11,2020-03-14,10148.3572166943
65,12,2020-03-21,9178.17193066274
65,13,2020-03-28,8620.71851766244
65,14,2020-04-04,8519.6176823028
65,15,2020-04-11,8502.84105149293
66,2,2020-01-11,14866.5028506406
66,3,2020-01-18,15860.2886122769
66,4,2020-01-25,16131.5827079246
66,5,2020-02-01,16177.0714709193
66,6,2020-02-08,15440.0839828902
66,7,2020-02-15,13576.2475823742
66,8,2020-02-22,11582.4916218571
66,9,2020-02-29,10770.5325244119
66,10,2020-03-07,10429.9661511484
66,11,2020-03-14,9898.37915688375
66,12,2020-03-21,8928.1938708522
66,13,2020-03-28,8370.74045785189
66,14,2020-04-04,8269.63962249226
66,15,2020-04-11,8252.86299168238
67,2,2020-01-11,15053.5384346186
67,3,2020-01-18,16047.3241962549
67,4,2020-01-25,16318.6182919026
67,5,2020-02-01,16364.1070548973
67,6,2020-02-08,15627.1195668682
67,7,2020-02-15,13763.2831663522
67,8,2020-02-22,11769.5272058351
67,9,2020-02-29,10957.5681083899
67,10,2020-03-07,10617.0017351264
67,11,2020-03-14,10085.4147408618
67,12,2020-03-21,9115.22945483021
67,13,2020-03-28,8557.77604182991
67,14,2020-04-04,8456.67520647027
67,15,2020-04-11,8439.8985756604
68,2,2020-01-11,15394.7013228097
68,3,2020-01-18,16388.487084446
68,4,2020-01-25,16659.7811800937
68,5,2020-02-01,16705.2699430884
68,6,2020-02-08,15968.2824550593
68,7,2020-02-15,14104.4460545433
68,8,2020-02-22,12110.6900940263
68,9,2020-02-29,11298.730996581
68,10,2020-03-07,10958.1646233175
68,11,2020-03-14,10426.5776290529
68,12,2020-03-21,9456.39234302132
68,13,2020-03-28,8898.93893002101
68,14,2020-04-04,8797.83809466138
68,15,2020-04-11,8781.0614638515
69,2,2020-01-11,15062.6064876516
69,3,2020-01-18,16056.392249288
69,4,2020-01-25,16327.6863449357
69,5,2020-02-01,16373.1751079303
69,6,2020-02-08,15636.1876199012
69,7,2020-02-15,13772.3512193853
69,8,2020-02-22,11778.5952588682
69,9,2020-02-29,10966.6361614229
69,10,2020-03-07,10626.0697881595
69,11,2020-03-14,10094.4827938948
69,12,2020-03-21,9124.29750786327
69,13,2020-03-28,8566.84409486296
69,14,2020-04-04,8465.74325950333
69,15,2020-04-11,8448.96662869346
70,2,2020-01-11,12956.8108957024
70,3,2020-01-18,13950.5966573387
70,4,2020-01-25,14221.8907529864
70,5,2020-02-01,14267.3795159811
70,6,2020-02-08,13530.392027952
70,7,2020-02-15,11666.555627436
70,8,2020-02-22,9672.79966691897
70,9,2020-02-29,8860.8405694737
70,10,2020-03-07,8520.27419621022
70,11,2020-03-14,7988.68720194558
70,12,2020-03-21,7018.50191591403
70,13,2020-03-28,6461.04850291373
70,14,2020-04-04,6359.94766755409
70,15,2020-04-11,6343.17103674422
71,2,2020-01-11,15075.5975270326
71,3,2020-01-18,16069.383288669
71,4,2020-01-25,16340.6773843167
71,5,2020-02-01,16386.1661473113
71,6,2020-02-08,15649.1786592822
71,7,2020-02-15,13785.3422587662
71,8,2020-02-22,11791.5862982492
71,9,2020-02-29,10979.6272008039
71,10,2020-03-07,10639.0608275404
71,11,2020-03-14,10107.4738332758
71,12,2020-03-21,9137.28854724425
71,13,2020-03-28,8579.83513424394
71,14,2020-04-04,8478.73429888431
71,15,2020-04-11,8461.95766807444
72,2,2020-01-11,14825.0851432697
72,3,2020-01-18,15818.8709049061
72,4,2020-01-25,16090.1650005538
72,5,2020-02-01,16135.6537635484
72,6,2020-02-08,15398.6662755193
72,7,2020-02-15,13534.8298750034
72,8,2020-02-22,11541.0739144863
72,9,2020-02-29,10729.1148170411
72,10,2020-03-07,10388.5484437776
72,11,2020-03-14,9856.96144951293
72,12,2020-03-21,8886.77616348138
72,13,2020-03-28,8329.32275048107
72,14,2020-04-04,8228.22191512144
72,15,2020-04-11,8211.44528431156
73,2,2020-01-11,13905.9064190693
73,3,2020-01-18,14899.6921807057
73,4,2020-01-25,15170.9862763534
73,5,2020-02-01,15216.475039348
73,6,2020-02-08,14479.4875513189
73,7,2020-02-15,12615.651150803
73,8,2020-02-22,10621.8951902859
73,9,2020-02-29,9809.93609284066
73,10,2020-03-07,9469.36971957718
73,11,2020-03-14,8937.78272531254
73,12,2020-03-21,7967.59743928099
73,13,2020-03-28,7410.14402628068
73,14,2020-04-04,7309.04319092105
73,15,2020-04-11,7292.26656011118
74,2,2020-01-11,14366.6520015184
74,3,2020-01-18,15360.4377631548
74,4,2020-01-25,15631.7318588025
74,5,2020-02-01,15677.2206217971
74,6,2020-02-08,14940.233133768
74,7,2020-02-15,13076.3967332521
74,8,2020-02-22,11082.640772735
74,9,2020-02-29,10270.6816752897
74,10,2020-03-07,9930.11530202625
74,11,2020-03-14,9398.52830776161
74,12,2020-03-21,8428.34302173006
74,13,2020-03-28,7870.88960872976
74,14,2020-04-04,7769.78877337012
74,15,2020-04-11,7753.01214256025
75,2,2020-01-11,13937.1468240446
75,3,2020-01-18,14930.932585681
75,4,2020-01-25,15202.2266813287
75,5,2020-02-01,15247.7154443233
75,6,2020-02-08,14510.7279562942
75,7,2020-02-15,12646.8915557783
75,8,2020-02-22,10653.1355952612
75,9,2020-02-29,9841.17649781594
75,10,2020-03-07,9500.61012455246
75,11,2020-03-14,8969.02313028782
75,12,2020-03-21,7998.83784425627
75,13,2020-03-28,7441.38443125596
75,14,2020-04-04,7340.28359589633
75,15,2020-04-11,7323.50696508646
76,2,2020-01-11,15100.8612222977
76,3,2020-01-18,16094.6469839341
76,4,2020-01-25,16365.9410795817
76,5,2020-02-01,16411.4298425764
76,6,2020-02-08,15674.4423545473
76,7,2020-02-15,13810.6059540313
76,8,2020-02-22,11816.8499935143
76,9,2020-02-29,11004.890896069
76,10,2020-03-07,10664.3245228055
76,11,2020-03-14,10132.7375285409
76,12,2020-03-21,9162.55224250934
76,13,2020-03-28,8605.09882950904
76,14,2020-04-04,8503.9979941494
76,15,2020-04-11,8487.22136333953
77,2,2020-01-11,14677.5915891753
77,3,2020-01-18,15671.3773508117
77,4,2020-01-25,15942.6714464594
77,5,2020-02-01,15988.160209454
77,6,2020-02-08,15251.1727214249
77,7,2020-02-15,13387.336320909
77,8,2020-02-22,11393.5803603919
77,9,2020-02-29,10581.6212629466
77,10,2020-03-07,10241.0548896831
77,11,2020-03-14,9709.4678954185
77,12,2020-03-21,8739.28260938696
77,13,2020-03-28,8181.82919638665
77,14,2020-04-04,8080.72836102702
77,15,2020-04-11,8063.95173021714
78,2,2020-01-11,14632.6038952754
78,3,2020-01-18,15626.3896569117
78,4,2020-01-25,15897.6837525594
78,5,2020-02-01,15943.1725155541
78,6,2020-02-08,15206.185027525
78,7,2020-02-15,13342.348627009
78,8,2020-02-22,11348.592666492
78,9,2020-02-29,10536.6335690467
78,10,2020-03-07,10196.0671957832
78,11,2020-03-14,9664.48020151857
78,12,2020-03-21,8694.29491548702
78,13,2020-03-28,8136.84150248671
78,14,2020-04-04,8035.74066712708
78,15,2020-04-11,8018.96403631721
79,2,2020-01-11,14019.3684363729
79,3,2020-01-18,15013.1541980092
79,4,2020-01-25,15284.4482936569
79,5,2020-02-01,15329.9370566516
79,6,2020-02-08,14592.9495686225
79,7,2020-02-15,12729.1131681065
79,8,2020-02-22,10735.3572075895
79,9,2020-02-29,9923.39811014419
79,10,2020-03-07,9582.83173688071
79,11,2020-03-14,9051.24474261607
79,12,2020-03-21,8081.05945658452
79,13,2020-03-28,7523.60604358421
79,14,2020-04-04,7422.50520822458
79,15,2020-04-11,7405.72857741471
80,2,2020-01-11,14902.3485967729
80,3,2020-01-18,15896.1343584093
80,4,2020-01-25,16167.428454057
80,5,2020-02-01,16212.9172170516
80,6,2020-02-08,15475.9297290225
80,7,2020-02-15,13612.0933285065
80,8,2020-02-22,11618.3373679895
80,9,2020-02-29,10806.3782705442
80,10,2020-03-07,10465.8118972807
80,11,2020-03-14,9934.22490301609
80,12,2020-03-21,8964.03961698455
80,13,2020-03-28,8406.58620398424
80,14,2020-04-04,8305.48536862461
80,15,2020-04-11,8288.70873781473
81,2,2020-01-11,14125.6074866307
81,3,2020-01-18,15119.393248267
81,4,2020-01-25,15390.6873439147
81,5,2020-02-01,15436.1761069094
81,6,2020-02-08,14699.1886188803
81,7,2020-02-15,12835.3522183643
81,8,2020-02-22,10841.5962578473
81,9,2020-02-29,10029.637160402
81,10,2020-03-07,9689.07078713851
81,11,2020-03-14,9157.48379287387
81,12,2020-03-21,8187.29850684232
81,13,2020-03-28,7629.84509384202
81,14,2020-04-04,7528.74425848238
81,15,2020-04-11,7511.96762767251
82,2,2020-01-11,14743.2606831472
82,3,2020-01-18,15737.0464447836
82,4,2020-01-25,16008.3405404313
82,5,2020-02-01,16053.8293034259
82,6,2020-02-08,15316.8418153968
82,7,2020-02-15,13453.0054148808
82,8,2020-02-22,11459.2494543638
82,9,2020-02-29,10647.2903569185
82,10,2020-03-07,10306.723983655
82,11,2020-03-14,9775.1369893904
82,12,2020-03-21,8804.95170335885
82,13,2020-03-28,8247.49829035855
82,14,2020-04-04,8146.39745499891
82,15,2020-04-11,8129.62082418904
83,2,2020-01-11,14560.6105214221
83,3,2020-01-18,15554.3962830584
83,4,2020-01-25,15825.6903787061
83,5,2020-02-01,15871.1791417008
83,6,2020-02-08,15134.1916536717
83,7,2020-02-15,13270.3552531557
83,8,2020-02-22,11276.5992926386
83,9,2020-02-29,10464.6401951934
83,10,2020-03-07,10124.0738219299
83,11,2020-03-14,9592.48682766526
83,12,2020-03-21,8622.30154163371
83,13,2020-03-28,8064.8481286334
83,14,2020-04-04,7963.74729327377
83,15,2020-04-11,7946.9706624639
84,2,2020-01-11,14983.4707028403
84,3,2020-01-18,15977.2564644767
84,4,2020-01-25,16248.5505601244
84,5,2020-02-01,16294.039323119
84,6,2020-02-08,15557.0518350899
84,7,2020-02-15,13693.2154345739
84,8,2020-02-22,11699.4594740569
84,9,2020-02-29,10887.5003766116
84,10,2020-03-07,10546.9340033481
84,11,2020-03-14,10015.3470090835
84,12,2020-03-21,9045.16172305195
84,13,2020-03-28,8487.70831005164
84,14,2020-04-04,8386.60747469201
84,15,2020-04-11,8369.83084388214
85,2,2020-01-11,13946.8693467896
85,3,2020-01-18,14940.655108426
85,4,2020-01-25,15211.9492040737
85,5,2020-02-01,15257.4379670683
85,6,2020-02-08,14520.4504790392
85,7,2020-02-15,12656.6140785232
85,8,2020-02-22,10662.8581180062
85,9,2020-02-29,9850.89902056093
85,10,2020-03-07,9510.33264729744
85,11,2020-03-14,8978.7456530328
85,12,2020-03-21,8008.56036700125
85,13,2020-03-28,7451.10695400095
85,14,2020-04-04,7350.00611864131
85,15,2020-04-11,7333.22948783144
86,2,2020-01-11,13267.49150212
86,3,2020-01-18,14261.2772637564
86,4,2020-01-25,14532.5713594041
86,5,2020-02-01,14578.0601223988
86,6,2020-02-08,13841.0726343696
86,7,2020-02-15,11977.2362338537
86,8,2020-02-22,9983.48027333663
86,9,2020-02-29,9171.52117589137
86,10,2020-03-07,8830.95480262788
86,11,2020-03-14,8299.36780836324
86,12,2020-03-21,7329.1825223317
86,13,2020-03-28,6771.72910933139
86,14,2020-04-04,6670.62827397176
86,15,2020-04-11,6653.85164316188
87,2,2020-01-11,14544.5409947706
87,3,2020-01-18,15538.3267564069
87,4,2020-01-25,15809.6208520546
87,5,2020-02-01,15855.1096150493
87,6,2020-02-08,15118.1221270202
87,7,2020-02-15,13254.2857265042
87,8,2020-02-22,11260.5297659871
87,9,2020-02-29,10448.5706685419
87,10,2020-03-07,10108.0042952784
87,11,2020-03-14,9576.41730101375
87,12,2020-03-21,8606.2320149822
87,13,2020-03-28,8048.77860198189
87,14,2020-04-04,7947.67776662226
87,15,2020-04-11,7930.90113581238
88,2,2020-01-11,13251.7554338256
88,3,2020-01-18,14245.541195462
88,4,2020-01-25,14516.8352911097
88,5,2020-02-01,14562.3240541043
88,6,2020-02-08,13825.3365660752
88,7,2020-02-15,11961.5001655593
88,8,2020-02-22,9967.74420504219
88,9,2020-02-29,9155.78510759693
88,10,2020-03-07,8815.21873433344
88,11,2020-03-14,8283.63174006881
88,12,2020-03-21,7313.44645403726
88,13,2020-03-28,6755.99304103695
88,14,2020-04-04,6654.89220567732
88,15,2020-04-11,6638.11557486744
89,2,2020-01-11,13664.9908845887
89,3,2020-01-18,14658.7766462251
89,4,2020-01-25,14930.0707418728
89,5,2020-02-01,14975.5595048674
89,6,2020-02-08,14238.5720168383
89,7,2020-02-15,12374.7356163224
89,8,2020-02-22,10380.9796558053
89,9,2020-02-29,9569.02055836006
89,10,2020-03-07,9228.45418509658
89,11,2020-03-14,8696.86719083194
89,12,2020-03-21,7726.68190480039
89,13,2020-03-28,7169.22849180008
89,14,2020-04-04,7068.12765644045
89,15,2020-04-11,7051.35102563058
90,2,2020-01-11,14429.3172248813
90,3,2020-01-18,15423.1029865176
90,4,2020-01-25,15694.3970821653
90,5,2020-02-01,15739.88584516
90,6,2020-02-08,15002.8983571309
90,7,2020-02-15,13139.0619566149
90,8,2020-02-22,11145.3059960978
90,9,2020-02-29,10333.3468986526
90,10,2020-03-07,9992.78052538909
90,11,2020-03-14,9461.19353112445
90,12,2020-03-21,8491.0082450929
90,13,2020-03-28,7933.5548320926
90,14,2020-04-04,7832.45399673296
90,15,2020-04-11,7815.67736592309
91,2,2020-01-11,14834.812489901
91,3,2020-01-18,15828.5982515374
91,4,2020-01-25,16099.8923471851
91,5,2020-02-01,16145.3811101797
91,6,2020-02-08,15408.3936221506
91,7,2020-02-15,13544.5572216347
91,8,2020-02-22,11550.8012611176
91,9,2020-02-29,10738.8421636723
91,10,2020-03-07,10398.2757904089
91,11,2020-03-14,9866.68879614422
91,12,2020-03-21,8896.50351011268
91,13,2020-03-28,8339.05009711237
91,14,2020-04-04,8237.94926175274
91,15,2020-04-11,8221.17263094286
92,2,2020-01-11,15625.9064167833
92,3,2020-01-18,16619.6921784196
92,4,2020-01-25,16890.9862740673
92,5,2020-02-01,16936.475037062
92,6,2020-02-08,16199.4875490329
92,7,2020-02-15,14335.6511485169
92,8,2020-02-22,12341.8951879999
92,9,2020-02-29,11529.9360905546
92,10,2020-03-07,11189.3697172911
92,11,2020-03-14,10657.7827230265
92,12,2020-03-21,9687.59743699492
92,13,2020-03-28,9130.14402399461
92,14,2020-04-04,9029.04318863498
92,15,2020-04-11,9012.2665578251
93,2,2020-01-11,14658.41271525
93,3,2020-01-18,15652.1984768863
93,4,2020-01-25,15923.492572534
93,5,2020-02-01,15968.9813355287
93,6,2020-02-08,15231.9938474996
93,7,2020-02-15,13368.1574469836
93,8,2020-02-22,11374.4014864666
93,9,2020-02-29,10562.4423890213
93,10,2020-03-07,10221.8760157578
93,11,2020-03-14,9690.28902149316
93,12,2020-03-21,8720.10373546161
93,13,2020-03-28,8162.65032246131
93,14,2020-04-04,8061.54948710167
93,15,2020-04-11,8044.7728562918
94,2,2020-01-11,15649.5237859007
94,3,2020-01-18,16643.3095475371
94,4,2020-01-25,16914.6036431848
94,5,2020-02-01,16960.0924061794
94,6,2020-02-08,16223.1049181503
94,7,2020-02-15,14359.2685176344
94,8,2020-02-22,12365.5125571173
94,9,2020-02-29,11553.5534596721
94,10,2020-03-07,11212.9870864086
94,11,2020-03-14,10681.4000921439
94,12,2020-03-21,9711.21480611238
94,13,2020-03-28,9153.76139311207
94,14,2020-04-04,9052.66055775244
94,15,2020-04-11,9035.88392694256
95,2,2020-01-11,12922.8615727793
95,3,2020-01-18,13916.6473344156
95,4,2020-01-25,14187.9414300633
95,5,2020-02-01,14233.430193058
95,6,2020-02-08,13496.4427050289
95,7,2020-02-15,11632.6063045129
95,8,2020-02-22,9638.85034399586
95,9,2020-02-29,8826.89124655059
95,10,2020-03-07,8486.32487328711
95,11,2020-03-14,7954.73787902247
95,12,2020-03-21,6984.55259299092
95,13,2020-03-28,6427.09917999062
95,14,2020-04-04,6325.99834463098
95,15,2020-04-11,6309.22171382111
96,2,2020-01-11,14543.0846664814
96,3,2020-01-18,15536.8704281177
96,4,2020-01-25,15808.1645237654
96,5,2020-02-01,15853.6532867601
96,6,2020-02-08,15116.665798731
96,7,2020-02-15,13252.829398215
96,8,2020-02-22,11259.073437698
96,9,2020-02-29,10447.1143402527
96,10,2020-03-07,10106.5479669892
96,11,2020-03-14,9574.96097272458
96,12,2020-03-21,8604.77568669303
96,13,2020-03-28,8047.32227369273
96,14,2020-04-04,7946.22143833309
96,15,2020-04-11,7929.44480752322
97,2,2020-01-11,14072.9729909025
97,3,2020-01-18,15066.7587525388
97,4,2020-01-25,15338.0528481865
97,5,2020-02-01,15383.5416111812
97,6,2020-02-08,14646.5541231521
97,7,2020-02-15,12782.7177226361
97,8,2020-02-22,10788.9617621191
97,9,2020-02-29,9977.00266467379
97,10,2020-03-07,9636.43629141031
97,11,2020-03-14,9104.84929714567
97,12,2020-03-21,8134.66401111412
97,13,2020-03-28,7577.21059811381
97,14,2020-04-04,7476.10976275418
97,15,2020-04-11,7459.3331319443
98,2,2020-01-11,13629.6676388445
98,3,2020-01-18,14623.4534004808
98,4,2020-01-25,14894.7474961285
98,5,2020-02-01,14940.2362591232
98,6,2020-02-08,14203.2487710941
98,7,2020-02-15,12339.4123705781
98,8,2020-02-22,10345.6564100611
98,9,2020-02-29,9533.69731261579
98,10,2020-03-07,9193.1309393523
98,11,2020-03-14,8661.54394508766
98,12,2020-03-21,7691.35865905612
98,13,2020-03-28,7133.90524605581
98,14,2020-04-04,7032.80441069618
98,15,2020-04-11,7016.0277798863
99,2,2020-01-11,14085.9427859774
99,3,2020-01-18,15079.7285476138
99,4,2020-01-25,15351.0226432615
99,5,2020-02-01,15396.5114062561
99,6,2020-02-08,14659.523918227
99,7,2020-02-15,12795.6875177111
99,8,2020-02-22,10801.931557194
99,9,2020-02-29,9989.97245974877
99,10,2020-03-07,9649.40608648528
99,11,2020-03-14,9117.81909222064
99,12,2020-03-21,8147.6338061891
99,13,2020-03-28,7590.18039318879
99,14,2020-04-04,7489.07955782916
99,15,2020-04-11,7472.30292701928
100,2,2020-01-11,14759.3432827633
100,3,2020-01-18,15753.1290443997
100,4,2020-01-25,16024.4231400474
100,5,2020-02-01,16069.911903042
100,6,2020-02-08,15332.9244150129
100,7,2020-02-15,13469.088014497
100,8,2020-02-22,11475.3320539799
100,9,2020-02-29,10663.3729565346
100,10,2020-03-07,10322.8065832711
100,11,2020-03-14,9791.21958900651
100,12,2020-03-21,8821.03430297496
100,13,2020-03-28,8263.58088997466
100,14,2020-04-04,8162.48005461502
100,15,2020-04-11,8145.70342380515
